text,clean_text,target
Forest fire near La Ronge Sask. Canada,forest fire near la ronge sask canada,1
"13,000 people receive #wildfires evacuation orders in California ",people receive evacuation orders in california,1
Just got sent this photo from Ruby #Alaska as smoke from #wildfires pours into a school ,just got sent this photo from ruby as smoke from pours into a school,1
#RockyFire Update => California Hwy. 20 closed in both directions due to Lake County fire - #CAfire #wildfires,update california hwy closed in both directions due to lake county fire,1
I'm on top of the hill and I can see a fire in the woods...,im on top of the hill and i can see a fire in the woods,1
@bbcmtd Wholesale Markets ablaze http://t.co/lHYXEOHY6C,wholesale markets ablaze,1
#AFRICANBAZE: Breaking news:Nigeria flag set ablaze in Aba. http://t.co/2nndBGwyEi,breaking newsnigeria flag set ablaze in aba,1
Crying out for more! Set me ablaze,crying out for more set me ablaze,0
On plus side LOOK AT THE SKY LAST NIGHT IT WAS ABLAZE http://t.co/qqsmshaJ3N,on plus side look at the sky last night it was ablaze,0
@PhDSquares #mufc they've built so much hype around new acquisitions but I doubt they will set the EPL ablaze this season.,theyve built so much hype around new acquisitions but i doubt they will set the epl ablaze this season,0
INEC Office in Abia Set Ablaze - http://t.co/3ImaomknnA,inec office in abia set ablaze,1
Barbados #Bridgetown JAMAICA ÛÒ Two cars set ablaze: SANTA CRUZ ÛÓ Head of the St Elizabeth Police Superintende...  http://t.co/wDUEaj8Q4J,barbados jamaica two cars set ablaze santa cruz head of the st elizabeth police superintende,1
Ablaze for you Lord :D,ablaze for you lord d,0
"on the outside you're ablaze and alive
but you're dead inside",on the outside youre ablaze and alive but youre dead inside,0
Had an awesome time visiting the CFC head office the ancop site and ablaze. Thanks to Tita Vida for taking care of us ??,had an awesome time visiting the cfc head office the ancop site and ablaze thanks to tita vida for taking care of us,0
SOOOO PUMPED FOR ABLAZE ???? @southridgelife,soooo pumped for ablaze,0
I wanted to set Chicago ablaze with my preaching... But not my hotel! http://t.co/o9qknbfOFX,i wanted to set chicago ablaze with my preaching but not my hotel,0
How the West was burned: Thousands of wildfires ablaze in California alone http://t.co/vl5TBR3wbr,how the west was burned thousands of wildfires ablaze in california alone,1
Building the perfect tracklist to life leave the streets ablaze,building the perfect tracklist to life leave the streets ablaze,0
Deputies: Man shot before Brighton home set ablaze http://t.co/gWNRhMSO8k,deputies man shot before brighton home set ablaze,1
"Man wife get six years jail for setting ablaze niece
http://t.co/eV1ahOUCZA",man wife get six years jail for setting ablaze niece,1
Police: Arsonist Deliberately Set Black Church In North CarolinaåÊAblaze http://t.co/pcXarbH9An,police arsonist deliberately set black church in north carolinaablaze,1
#Kurds trampling on Turkmen flag later set it ablaze while others vandalized offices of Turkmen Front in #Diyala http://t.co/4IzFdYC3cg,trampling on turkmen flag later set it ablaze while others vandalized offices of turkmen front in,1
TRUCK ABLAZE : R21. VOORTREKKER AVE. OUTSIDE OR TAMBO INTL. CARGO SECTION. http://t.co/8kscqKfKkF,truck ablaze r voortrekker ave outside or tambo intl cargo section,1
Set our hearts ablaze and every city was a gift And every skyline was like a kiss upon the lips @Û_ https://t.co/cYoMPZ1A0Z,set our hearts ablaze and every city was a gift and every skyline was like a kiss upon the lips,0
They sky was ablaze tonight in Los Angeles. I'm expecting IG and FB to be filled with sunset shots if I know my peeps!!,they sky was ablaze tonight in los angeles im expecting ig and fb to be filled with sunset shots if i know my peeps,0
How the West was burned: Thousands of wildfires ablaze in #California alone http://t.co/iCSjGZ9tE1 #climate #energy http://t.co/9FxmN0l0Bd,how the west was burned thousands of wildfires ablaze in alone,1
Revel in yours wmv videos by means of mac farewell ablaze wmv en route to dvd: GtxRWm,revel in yours wmv videos by means of mac farewell ablaze wmv en route to dvd gtxrwm,0
"Progressive greetings!

In about a month students would have set their pens ablaze in The Torch Publications'... http://t.co/9FxPiXQuJt",progressive greetings in about a month students would have set their pens ablaze in the torch publications,0
Rene Ablaze &amp; Jacinta - Secret 2k13 (Fallen Skies Edit) - Mar 30 2013  https://t.co/7MLMsUzV1Z,rene ablaze amp jacinta secret k fallen skies edit mar,0
@Navista7 Steve these fires out here are something else! California is a tinderbox - and this clown was setting my 'hood ablaze @News24680,steve these fires out here are something else california is a tinderbox and this clown was setting my hood ablaze,1
#NowPlaying: Rene Ablaze &amp; Ian Buff - Magnitude http://t.co/Av2JSjfFtc  #EDM,rene ablaze amp ian buff magnitude,0
@nxwestmidlands huge fire at Wholesale markets ablaze http://t.co/rwzbFVNXER,huge fire at wholesale markets ablaze,1
@ablaze what time does your talk go until? I don't know if I can make it due to work.,what time does your talk go until i dont know if i can make it due to work,0
@OnFireAnders I love you bb,i love you bb,0
Los Angeles Times: Arson suspect linked to 30 fires caught in Northern ... - http://t.co/xwMs1AWW8m #NewsInTweets http://t.co/TE2YeRugsi,los angeles times arson suspect linked to fires caught in northern,1
Arson suspect linked to 30 fires caught in Northern California http://t.co/EJ2GHNAfHY,arson suspect linked to fires caught in northern california,1
RelaxInPR: miprv: RT latimes: Arson suspect linked to 30 fires caught in Northern California http://t.co/ylhAyfaOOu,relaxinpr miprv rt latimes arson suspect linked to fires caught in northern california,1
Arson suspect linked to 30 fires caught in Northern California http://t.co/wnuqQAtTTP (via @latimes),arson suspect linked to fires caught in northern california via,1
Arson suspect linked to 30 fires caught in Northern California - Los Angeles Times http://t.co/PrRB4fhXtv,arson suspect linked to fires caught in northern california los angeles times,1
Arson suspect linked to 30 fires caught in Northern California http://t.co/u1fuWrGK5U,arson suspect linked to fires caught in northern california,1
Arson suspect linked to 30 fires caught in Northern California http://t.co/mmGsyAHDzb,arson suspect linked to fires caught in northern california,1
#Arsonist arrested for setting many fires. WATCH tonightÛªs other #headlines: http://t.co/sqgogJ3S5r. #Nightbeat @VeronicaDLCruz #2MinuteMix,arrested for setting many fires watch tonights other,1
Video Captures Man Removing American Flag From Long Beach CA Home Burning It; Arsonist Sought http://t.co/JP2QlrunjJ http://t.co/jbpgkGOwSi,video captures man removing american flag from long beach ca home burning it arsonist sought,0
Arsonists being blamed for a blaze at a plastics recycling business in Adelaide | @pcaldicott7 reports. #7NewsAdl http://t.co/r1Xwdnvb0g,arsonists being blamed for a blaze at a plastics recycling business in adelaide reports,0
Arsonist Sets NYC Vegetarian Restaurant on Fire: Police #NewYork - http://t.co/Nr7usT3uh8,arsonist sets nyc vegetarian restaurant on fire police,1
smoke good fuck eat drink drive nice car wear all green mink,smoke good fuck eat drink drive nice car wear all green mink,0
Trusting Iran to stop terrorism is like inviting an arsonist to join the fire brigade - Telegraph http://t.co/2Z2HTDjQZD,trusting iran to stop terrorism is like inviting an arsonist to join the fire brigade telegraph,0
Big Top Burning The True Story Of An Arsonist A Missing Girl Û_ : http://t.co/QxH1H61cwD .,big top burning the true story of an arsonist a missing girl,1
@blazerfan not everyone can see ignoranceshe is Latinoand that is All she can ever benothing morebut an attack dog 4 a hate group GOP,not everyone can see ignoranceshe is latinoand that is all she can ever benothing morebut an attack dog a hate group gop,0
Heart disease prevention: What about secondhand smoke? http://t.co/YdgMGBrYL2,heart disease prevention what about secondhand smoke,0
GREAT PERFORMANCE CHIP FUEL/GAS SAVER CHEVY TAHOE/BLAZER/AVALANCHE/S-10 http://t.co/iCrZi5TqC5 http://t.co/ONxhKfHn2a,great performance chip fuelgas saver chevy tahoeblazeravalanches,0
Firepower in the lab [electronic resource] : automation in the fight against infectious diseases and bioterrorism /Û_ http://t.co/KvpbybglSR,firepower in the lab electronic resource automation in the fight against infectious diseases and bioterrorism,0
@Kaotix_Blaze craving u,craving u,0
Life is amazin same time its crazy niggas dey wanna blaze me hate it because i made it all it took was dedication n some motivation,life is amazin same time its crazy niggas dey wanna blaze me hate it because i made it all it took was dedication n some motivation,0
Blaze is my bro http://t.co/UdKeSJ01mL,blaze is my bro,0
Pendleton media office said only fire on base right now is the Horno blaze.,pendleton media office said only fire on base right now is the horno blaze,1
Love living on my own. I can blaze inside my apt or on the balcony,love living on my own i can blaze inside my apt or on the balcony,1
@bellalinn alrighty Hit me up and we'll blaze!!,alrighty hit me up and well blaze,0
i blaze jays fuck the dutch slave trade.,i blaze jays fuck the dutch slave trade,0
Property losses from California wildfire nearly double as week-old blaze rages http://t.co/E0UUsnpsq5,property losses from california wildfire nearly double as weekold blaze rages,1
#breaking Firefighters battling blaze at east Cary condo building http://t.co/mIM8hH2ce6,firefighters battling blaze at east cary condo building,1
I liked a @YouTube video from @iamrrsb http://t.co/PdEHd1tCpk Minecraft Skywars - O BLAZE QUE USA HACK E FLECHADAS SINISTRAS!,i liked a video from minecraft skywars o blaze que usa hack e flechadas sinistras,0
What Dems do. Blaze covered months ago.Chicago police detained thousands of black Americans at interrogation facility http://t.co/UWItVBsbnC,what dems do blaze covered months agochicago police detained thousands of black americans at interrogation facility,0
UGH Y DID BLAZE PUT THE CALORIES BY THEIR PIZZAS? OK COOL #thisispublichealth,ugh y did blaze put the calories by their pizzas ok cool,0
pic of me and blaze in a fort when we were kids i look like a jackass stuffin my face like that ?????? http://t.co/aE9cPIexAK,pic of me and blaze in a fort when we were kids i look like a jackass stuffin my face like that,0
@BabySweet420 I'm mad 420 in your name &amp; you don't blaze.,im mad in your name amp you dont blaze,0
@GuiltyGearXXACP yeah I know but blaze blue dont have a twitter lol I drew this a few weeks ago http://t.co/sk3l74FLzZ,yeah i know but blaze blue dont have a twitter lol i drew this a few weeks ago,0
@DJJOHNBLazE shout out blaze the hottest DJ in the Sothwest,shout out blaze the hottest dj in the sothwest,0
I liked a @YouTube video http://t.co/N95IGskd3p Minecraft: Episode 2 'Blaze Farm Beginnings!',i liked a video minecraft episode blaze farm beginnings,0
Property losses from #California wildfire nearly double as week-old blaze rages: The fireÛ_ http://t.co/MsdizftZ2g,property losses from wildfire nearly double as weekold blaze rages the fire,1
@ChristyCroley Not in the works yet. Did you see the new Vela Short in Blaze? http://t.co/Q8rEoEVluE,not in the works yet did you see the new vela short in blaze,0
@UABStephenLong @courtlizcamp Total tweet fail! You are so beautiful inside and out Blaze On!,total tweet fail you are so beautiful inside and out blaze on,0
@_itzSteven @xdojjjj @whopper_jr_760 huh?? me you and leo started that last year and ever since people blaze it in the back??,huh me you and leo started that last year and ever since people blaze it in the back,0
Bright &amp; BLAZING Fireman Birthday Party http://t.co/9rFo9GY3nE #Weddings,bright amp blazing fireman birthday party,0
Max blew tf up ! ?????? shots fired ???? #CatfishMTV,max blew tf up shots fired,0
Did anyone else see that fireball falling to earth? Look like a plane blew up.,did anyone else see that fireball falling to earth look like a plane blew up,1
BREAKING: Fairfax County firefighter placed on admin leave amid probe into Facebook post about putting police in 'body bags' dept. says.,breaking fairfax county firefighter placed on admin leave amid probe into facebook post about putting police in body bags dept says,0
UPDATE: Va. firefighter on administrative leave after Facebook post calls for people to put officers in 'body bags.' http://t.co/Mt029QJ4Ig,update va firefighter on administrative leave after facebook post calls for people to put officers in body bags,0
Fairfax investigating firefighter over Facebook post saying police should be put in Û÷body bagsÛª - The Washington Post http://t.co/jAxHzjCCd4,fairfax investigating firefighter over facebook post saying police should be put in body bags the washington post,0
this is about to be a bomb ass firework picture http://t.co/lr4BTvuEoM,this is about to be a bomb ass firework picture,0
Sioux City Fire Officials Believe Bridge Collapse Lead To Cement Truck Roll Over - Siouxland Matters: Siouxlan... http://t.co/sZTGmbkoHG,sioux city fire officials believe bridge collapse lead to cement truck roll over siouxland matters siouxlan,1
@SonofLiberty357 all illuminated by the brightly burning buildings all around the town!,all illuminated by the brightly burning buildings all around the town,0
'i'm a Gemini' *children screaming buildings burning police sirens in the distance*,im a gemini children screaming buildings burning police sirens in the distance,1
Mmmmmm I'm burning.... I'm burning buildings I'm building.... Oooooohhhh oooh ooh...,mmmmmm im burning im burning buildings im building oooooohhhh oooh ooh,1
@DougMartin17 Fireman Ed runs into burning buildings while others are running out Doug he deserves your respect??????,fireman ed runs into burning buildings while others are running out doug he deserves your respect,1
@themagickidraps not upset with a rally upset with burning buildings businesses executing cops that have nothing to do with it etc,not upset with a rally upset with burning buildings businesses executing cops that have nothing to do with it etc,1
kou is like [CASH REGISTER] [BUILDINGS BURNING],kou is like cash register buildings burning,0
@_minimehh @cjoyner I must be overlooking the burning buildings? #BlackLivesMatter,i must be overlooking the burning buildings,1
@fewmoretweets all lives matter. Just not a fan of burning down buildings and stealing from your neighbors to 'protest',all lives matter just not a fan of burning down buildings and stealing from your neighbors to protest,1
The greatest female beat boxer ever now but it's w/e... Save babies outta burning buildings on my free time but ya know.. whatevs..,the greatest female beat boxer ever now but its we save babies outta burning buildings on my free time but ya know whatevs,0
I'm mentally preparing myself for a bomb ass school year if it's not I'm burning buildings ??,im mentally preparing myself for a bomb ass school year if its not im burning buildings,0
The Rocky Fire burning in northern California is still threatening more than 7000 buildings. It's the largest in the state #9newsmornings,the rocky fire burning in northern california is still threatening more than buildings its the largest in the state,1
? High Skies - Burning Buildings ? http://t.co/uVq41i3Kx2 #nowplaying,high skies burning buildings,0
"Messi: has tattoos so he can't donate blood
Ronaldo: runs into burning buildings to save dogs #respect",messi has tattoos so he cant donate blood ronaldo runs into burning buildings to save dogs,1
I can probably skip on these basic life maintenance things for a few days. (cut to burning buildings people screaming in the streets),i can probably skip on these basic life maintenance things for a few days cut to burning buildings people screaming in the streets,1
@1acd4900c1424d1 @FoxNews no one is rioting burning down buildings or looting.,no one is rioting burning down buildings or looting,1
@joshcorman  #infosec rather you knew it or not your a firefighter  now days  you often  run into burning buildings Deal with it.,rather you knew it or not your a firefighter now days you often run into burning buildings deal with it,0
into burning fucking buildings (2/2),into burning fucking buildings,1
Ever since Kelly's burned I keep having dreams about being inside burning buildings ??,ever since kellys burned i keep having dreams about being inside burning buildings,0
Schools in Western Uganda still Burning down Buildings during Strikes....Strikes in Western Uganda always Lit literally..,schools in western uganda still burning down buildings during strikesstrikes in western uganda always lit literally,1
I Pledge Allegiance To The P.O.P.E. And The Burning Buildings of Epic City. ??????,i pledge allegiance to the pope and the burning buildings of epic city,0
@DoctorFluxx @StefanEJones @spinnellii @themermacorn  No burning buildings and rob during a riot. That's embarrassing &amp; ruining this nation.,no burning buildings and rob during a riot thats embarrassing amp ruining this nation,1
People are more worried about the burning of buildings than black people losing their lives disgusting.,people are more worried about the burning of buildings than black people losing their lives disgusting,1
Bradford. Back to doing what we do best. Burning down our own buildings. Read it and weep Leeds. https://t.co/OLnfzb86zb,bradford back to doing what we do best burning down our own buildings read it and weep leeds,1
@EPCOTExplorer my jealous tears are burning with the fire of a thousand ransacked buildings. SO AWESOMEEEEEEEE,my jealous tears are burning with the fire of a thousand ransacked buildings so awesomeeeeeeee,1
@zourryart I forgot to add the burning buildings and screaming babies,i forgot to add the burning buildings and screaming babies,1
Sinking ships burning buildings &amp; Falling objects are what reminds me of the old us.,sinking ships burning buildings amp falling objects are what reminds me of the old us,1
like for the music video I want some real action shit like burning buildings and police chases not some weak ben winston shit,like for the music video i want some real action shit like burning buildings and police chases not some weak ben winston shit,1
Burning buildings? Media outrage? http://t.co/pHixZnv1YN,burning buildings media outrage,1
"Must get hot in burning buildings

-loses followers- https://t.co/8sP8xLbbDR",must get hot in burning buildings loses followers,1
@RockBottomRadFM Is one of the challenges on Tough Enough rescuing people from burning buildings?,is one of the challenges on tough enough rescuing people from burning buildings,0
saving babies from burning buildings soaking cake in a shit tonne of alcohol mat is a man after my own heart ?? #GBBO,saving babies from burning buildings soaking cake in a shit tonne of alcohol mat is a man after my own heart,0
@PPFA At least they aren't burning buildings and looting stores.,at least they arent burning buildings and looting stores,0
Witness video shows car explode behind burning buildings on 2nd St this afternoon #Manchester  http://t.co/cgmJlSEYLo via @MikeCroninWMUR,witness video shows car explode behind burning buildings on nd st this afternoon via,1
Watching Xela firefighters struggle to save burning buildings last night w/ old equipment makes me so grateful for DCFD @ChR3lyc @IAFF36,watching xela firefighters struggle to save burning buildings last night w old equipment makes me so grateful for dcfd,1
"http://t.co/WRB7Xd8W5y
CROYDON RIOTS- The Next Day: Burning Buildings in High Street &amp; crowds at Reeves Corner
Croydonization
August 2011",croydon riots the next day burning buildings in high street amp crowds at reeves corner croydonization august,1
Fire hazard associated with installation of non-compliant external cladding on http://t.co/bTPQdehl3p - By @www.cbplawyers,fire hazard associated with installation of noncompliant external cladding on by,1
.@greenbuildermag @NFPA to hold free webinar on #wildfire mitigation 8/19 at 2pm ET. http://t.co/xmsvOHKccP @Firewise @Michele_NFPA,to hold free webinar on mitigation at pm et,1
Fire hazard associated with installation of non-compliant external cladding on http://t.co/4I0Kz2aKly - By @www.cbplawyers,fire hazard associated with installation of noncompliant external cladding on by,0
Video:  Fire burns two apartment buildings and blows up car in Manchester http://t.co/5BGcw3EzB5,video fire burns two apartment buildings and blows up car in manchester,1
Fire destroys two buildings on 2nd Street in #Manchester http://t.co/Tqh5amoknd,fire destroys two buildings on nd street in,1
Multiple Buildings On Fire In Downtown Hinton http://t.co/P6kdh0p0Sp http://t.co/WaetKGsZA9,multiple buildings on fire in downtown hinton,1
Buildings are on fire and they have time for a business meeting #TheStrain,buildings are on fire and they have time for a business meeting,1
Ton of smoke coming out of one of the new apartment buildings at 160 Ross in Auburn. Several fire trucks on scene. http://t.co/AHVYmSQHqC,ton of smoke coming out of one of the new apartment buildings at ross in auburn several fire trucks on scene,1
square just let booty org write xv im sure we'd do just fine (buildings around me set on fire),square just let booty org write xv im sure wed do just fine buildings around me set on fire,0
Smoke detectors not required in all buildings: An office building on Shevlin-Hixon Drive was on fire. There we... http://t.co/z6Ee1jVhNi,smoke detectors not required in all buildings an office building on shevlinhixon drive was on fire there we,1
"someone: mentions gansey on fire
me busting through the brick walls of seven different buildings:",someone mentions gansey on fire me busting through the brick walls of seven different buildings,1
Such beautiful architecture in #NYC I love those fire escape routes on the buildings. #newyorkÛ_ https://t.co/fW1PtaElgV,such beautiful architecture in i love those fire escape routes on the buildings,1
#TweetLikeItsSeptember11th2001 Those two buildings are on fire,those two buildings are on fire,1
just in: #kenya: several buildings are reported to be on fire close to dam estate #langata at 2:22pm.,just in several buildings are reported to be on fire close to dam estate at pm,1
They are evacuating buildings in that area of State Road 20. We still don't have confirmation of what is on fire.,they are evacuating buildings in that area of state road we still dont have confirmation of what is on fire,1
shootings explosions hand grenades thrown at cars and houses &amp; vehicles and buildings set on fire. It all just baffles me.Is this Sweden?,shootings explosions hand grenades thrown at cars and houses amp vehicles and buildings set on fire it all just baffles meis this sweden,1
A change in the State fire code prohibits grills on decks at condos and apartment buildings.  Check with your... http://t.co/KE1ZS6NAml,a change in the state fire code prohibits grills on decks at condos and apartment buildings check with your,0
Fire hazard associated with installation of non-compliant external cladding on high-rise buildings - Insurance - Aust http://t.co/wFsEaOBATo,fire hazard associated with installation of noncompliant external cladding on highrise buildings insurance aust,0
Fire Displaces Families and Damages Two Buildings in Troy: Fire broke out on Fourth Street inÛ_ http://t.co/6HKw5qLPPt #Albany #NY #News,fire displaces families and damages two buildings in troy fire broke out on fourth street in,1
What news reports am I missing? Are there buildings on fire people shot etc. due to videos? #PPSellsBabyParts https://t.co/Wzc5r4XOqZ,what news reports am i missing are there buildings on fire people shot etc due to videos,1
So my band Buildings on Fire are playing @bbcintroducing @PurpleTurtleRdg this Wednesday with @GIANTGIANTSOUND https://t.co/ofaN6DkOEZ #rdg,so my band buildings on fire are playing this wednesday with,0
Now on http://t.co/3sTH9lrBUn: PHOTOS: Flames rage through Manchester buildings in 3-alarm fire http://t.co/jQxM4gcQZ3 #NH1News,now on photos flames rage through manchester buildings in alarm fire,1
@BigSim50 nah Philly pundits are half the cause. They set buildings on fire to report on buildings being on fire.,nah philly pundits are half the cause they set buildings on fire to report on buildings being on fire,1
MaFireEMS: RT WMUR9: Two buildings involved in fire on 2nd Street in #Manchester. WMUR9  http://t.co/QUFwXRJIql via KCarosaWMUR,mafireems rt wmur two buildings involved in fire on nd street in wmur via kcarosawmur,1
Now on WSLS: fire burns multiple buildings in #Montgomery Co tips to make childcare less expensive &amp; rain. Join @jennasjems @PatrickWSLS,now on wsls fire burns multiple buildings in co tips to make childcare less expensive amp rain join,1
I just wanted to watch Paper Towns but the buildings on fire ?????,i just wanted to watch paper towns but the buildings on fire,1
I hope the only time I end up on TV is when I'm being arrested for lighting buildings on fire.,i hope the only time i end up on tv is when im being arrested for lighting buildings on fire,1
Charred remains of homes on 2nd St in Manchester NH after fire rips through 2 buildings damaging neighboring homes http://t.co/Ja3W1S3tmr,charred remains of homes on nd st in manchester nh after fire rips through buildings damaging neighboring homes,1
Three-alarm fire destroys two residential buildings a car in Manchester N.H. on Sunday afternoon http://t.co/rVkyj3YUVK,threealarm fire destroys two residential buildings a car in manchester nh on sunday afternoon,1
1943: Poland - work party prisoners in the Nazi death camp Treblinka rebelled seizing small arms and setting buildings on fire. #history,poland work party prisoners in the nazi death camp treblinka rebelled seizing small arms and setting buildings on fire,1
17 people displaced after 3-alarm fire tore through 2 apartment buildings on Second Street in Manchester. -- http://t.co/NzqwTCYidv #MHT,people displaced after alarm fire tore through apartment buildings on second street in manchester,1
Hinton city officials confirm multiple buildings on fire currently evacuating people on Main Street. We're on our way @OKCFOX,hinton city officials confirm multiple buildings on fire currently evacuating people on main street were on our way,1
Fire burning on Pendleton has burned 300 acres: Smoke reported drifting over Temecula. http://t.co/ZR5RgbGh03,fire burning on pendleton has burned acres smoke reported drifting over temecula,1
What progress we are making.  In the Middle Ages they would have burned me.  Now they are content with burning my books.  -Sigmund Freud,what progress we are making in the middle ages they would have burned me now they are content with burning my books sigmund freud,0
@HGF52611 Uh huh. You only have to be burned once to know fire hurts. Robbie Ross should throw home run derby in the All Star Game #RedSox,uh huh you only have to be burned once to know fire hurts robbie ross should throw home run derby in the all star game,0
Sure - take them away from fire fighting for King Stevie &amp; Crusty to have a photo-op ! http://t.co/epeX4axG4b,sure take them away from fire fighting for king stevie amp crusty to have a photoop,0
Mad River Complex fires have burned 14028 acres 8% contained: The Mad River Complex fires in Trinity County ... http://t.co/LfNIPpNOtO,mad river complex fires have burned acres contained the mad river complex fires in trinity county,1
Metal Cutting Sparks Brush Fire In Brighton: A brush fire that was sparked by a landowner cutting metal burned 10Û_ http://t.co/rj7m42AtWS,metal cutting sparks brush fire in brighton a brush fire that was sparked by a landowner cutting metal burned,1
the stars are burning i here your voice in my mind,the stars are burning i here your voice in my mind,0
You Bitches Walking Around Like Yall Hot Shit &amp; Got Bed Bugs &amp; You Burning ????,you bitches walking around like yall hot shit amp got bed bugs amp you burning,0
It's raining outside I'm burning my favorite candle and there's hot cocoa to sip. Nap time = awesomesauce.,its raining outside im burning my favorite candle and theres hot cocoa to sip nap time awesomesauce,0
hermancranston: #atk #LetsFootball RT SkanndTyagi: #letsFootball #atk WIRED : All these fires are burning through Û_ http://t.co/DmTab6g7j7,hermancranston rt skanndtyagi wired all these fires are burning through,0
501 sky news mandem in totteham going maddddd burning up fed cars an dem ting dere,sky news mandem in totteham going maddddd burning up fed cars an dem ting dere,1
@aubilenon @MarkKriegsman if you think you'd like burning man you should try it because it's the only way to know!,if you think youd like burning man you should try it because its the only way to know,0
The 8-Minute Fat-Burning Routine ThatÛªs Also Really Fun http://t.co/g2h7xNecD8 #fat weightless # fatburning #burnfat #skinny #workout,the minute fatburning routine thats also really fun weightless fatburning,0
ÛÓ bulletproof and black like a funeral; the world around us is burning but we're so cold. http://t.co/uqssnAAtTu,bulletproof and black like a funeral the world around us is burning but were so cold,1
.@StacDemon with five burning questions for Chris Mullin and St. JohnÛªs in 2015-16: http://t.co/NmRVTHkvAh #SJUBB,with five burning questions for chris mullin and st johns in,1
@JohnsonTionne except idk them?? it's really burning ??????,except idk them its really burning,0
Leader of #Zionism STOP BURNING #Babies  https://t.co/6xYsDN2Xz0,leader of stop burning,1
Kanger coils - burning out fast? via /r/Vaping101 http://t.co/cykr4XAlUH,kanger coils burning out fast via rvaping,0
RT @HuffPostComedy: We should build a wall that keeps Burning Man attendees from coming home http://t.co/xwVW1sft4I http://t.co/j7HUKhWmal,rt we should build a wall that keeps burning man attendees from coming home,0
Flames visible from fire in Tucson mountains: A lightning-caused fire burning in steep rocky terrain in mountainsÛ_ http://t.co/zRTRPL77QV,flames visible from fire in tucson mountains a lightningcaused fire burning in steep rocky terrain in mountains,1
We will be burning up like neon lights??????,we will be burning up like neon lights,1
Don't be so modest. You certainly... *sniff* *sniiiiiiff* Er Donny? Is something burning?,dont be so modest you certainly sniff sniiiiiiff er donny is something burning,0
The Burning Legion has RETURNED!  https://t.co/hKsbmijqZ1,the burning legion has returned,0
the bar method ÛÓ integrates the fat burning format of interval training the muscle shaping techniqu http://t.co/xuzee2BUdv,the bar method integrates the fat burning format of interval training the muscle shaping techniqu,0
If you're bored with life if you don't get up every morning with a burning desire to do things - you don't have enough goals. -Lou Holtz,if youre bored with life if you dont get up every morning with a burning desire to do things you dont have enough goals lou holtz,0
My hand is burning,my hand is burning,1
Uhhhhh demon hunters. But not the whole Burning Crusade v 2.0 thing.  https://t.co/oPtpS1lgKC,uhhhhh demon hunters but not the whole burning crusade v thing,0
Now playing: Boat Club - Memories on London Burning Web Radio - http://t.co/umtNNImTbM,now playing boat club memories on london burning web radio,0
@nagel_ashley @Vicken52 @BasedLaRock @goonc1ty rip the world... its burning,rip the world its burning,0
@Rubi_ How many stacks of burning did it apply?,how many stacks of burning did it apply,0
Parents are taking their kids to Burning Man and one 11 year old thinks it's 'better than... http://t.co/wp6V1BHhoQ,parents are taking their kids to burning man and one year old thinks its better than,0
@Michael5SOS haha so would you say its so hot your balls are burning off????,haha so would you say its so hot your balls are burning off,1
Why put out a fire that's still burning?,why put out a fire thats still burning,0
#?x?: :and to counter acts such as the burning of the Alexandrian library.,x and to counter acts such as the burning of the alexandrian library,1
'CALIFORNIA IS BURNING:' Gov. Jerry Brown told reporters at a press conference that California is experiencing... http://t.co/arzeMSR7FQ,california is burning gov jerry brown told reporters at a press conference that california is experiencing,1
If YouÛªre Not Paying Attention to Your Influencers YouÛªre Burning Money | SocialTimes http://t.co/Ptc0xcRAGY,if youre not paying attention to your influencers youre burning money socialtimes,0
@minsuwoongs i completely understand because i just woke up like 15 minutes ago and im Burning,i completely understand because i just woke up like minutes ago and im burning,0
#ika #tuning Soup #diet recipes | fat burning soup recipes: http://t.co/8r5vpAoo5z Fat Burning Soup Diet Recip http://t.co/JvcxB75DrJ,soup recipes fat burning soup recipes fat burning soup diet recip,0
2 Burning Man Tickets + Vehicle Pass - Full read by eBay http://t.co/b0eS3ZIORK http://t.co/juIIt2YFVo,burning man tickets vehicle pass full read by ebay,0
The last few days of summer are supposed to be the most fun so what's more fun then accidentally burning arm hair while playing w/ a lighter,the last few days of summer are supposed to be the most fun so whats more fun then accidentally burning arm hair while playing w a lighter,0
Killing Black Babies at Planned Parenthood where's the demonstrations looting of PP burning down the buildings Black Babies Lives Matter,killing black babies at planned parenthood wheres the demonstrations looting of pp burning down the buildings black babies lives matter,1
the mv should just be them strutting like they mean it while buildings are burning up in the bg and flames everywhere how cool would that be,the mv should just be them strutting like they mean it while buildings are burning up in the bg and flames everywhere how cool would that be,1
@Louis_Tomlinson incredible? THE CHILDREN WERE SCREAMING BUILDINGS WERE BURNING AND I WAS DANCING IN THE ASHES,incredible the children were screaming buildings were burning and i was dancing in the ashes,1
A protest rally at Stone Mountain? Atleast they're not burning down buildings and looting store like some individuals do when they 'protest',a protest rally at stone mountain atleast theyre not burning down buildings and looting store like some individuals do when they protest,0
My man runs into burning buildings for a living but is scared to hit up a girl. I don't get it.,my man runs into burning buildings for a living but is scared to hit up a girl i dont get it,0
THIS SOUNDS LIKE A SONG YOU WOULD HEAR IN A MOVIE WHERE THEY ARE WALKING AWAY FROM BURNING BUILDINGS AND CARS AND SHIT,this sounds like a song you would hear in a movie where they are walking away from burning buildings and cars and shit,0
@foxnewsvideo @AIIAmericanGirI @ANHQDC So ... where are the rioters looters and burning buildings????  WHITE LIVES MATTER!!!!!!,so where are the rioters looters and burning buildings white lives matter,1
forestservice : RT dhsscitech: #Firefighters run into burning buildingsÛÓwe work on #tech tÛ_ http://t.co/KybQcSvrZa) http://t.co/Ih49kyMsMp,forestservice rt dhsscitech run into burning buildingswe work on t,1
#KCA #VoteJKT48ID DUCKVILLELOL: Burning flips the table and says 'screw this lets hit some buildings!' Grabs a DR Û_ http://t.co/03L7NwQDje,duckvillelol burning flips the table and says screw this lets hit some buildings grabs a dr,0
Hero's fight wars and save ppl from burning buildings etc I'm sorry but u gotta do more than pay 4 a sex change be4 I call u a hero,heros fight wars and save ppl from burning buildings etc im sorry but u gotta do more than pay a sex change be i call u a hero,0
Destruction magic's fine just don't go burning down any buildings.,destruction magics fine just dont go burning down any buildings,1
I will never support looting or the burning of buildings but when seeing the people fight back against the police. I was proud,i will never support looting or the burning of buildings but when seeing the people fight back against the police i was proud,1
Attempting Delany's Dhalgren in beastly NY heat. Downing hot coffee amongst descriptions of buildings burning for days without ruin.,attempting delanys dhalgren in beastly ny heat downing hot coffee amongst descriptions of buildings burning for days without ruin,0
@MoFanon ?? your last retweet you would think the lion saved people from a burning buildings it's not that deep,your last retweet you would think the lion saved people from a burning buildings its not that deep,0
I'm battling monsters I'm pulling you out of the burning buildings and you say I'll give you anything but you never come through.,im battling monsters im pulling you out of the burning buildings and you say ill give you anything but you never come through,0
Large fire burning several buildings causing evacuations in downtown Hinton: http://t.co/mtMkiMwiyy,large fire burning several buildings causing evacuations in downtown hinton,1
Ali you flew planes and ran into burning buildings why are you making soup for that man child?! #BooRadleyVanCullen,ali you flew planes and ran into burning buildings why are you making soup for that man child,0
Heavy smoke pouring out of buildings on fire in Port Coquitlam http://t.co/GeqkdaO4cV http://t.co/Dg0bGzeCgM,heavy smoke pouring out of buildings on fire in port coquitlam,1
drew storen is probably curing cancer &amp; saving puppies from burning buildings while contemplating what he did 2 deserve this disrespect,drew storen is probably curing cancer amp saving puppies from burning buildings while contemplating what he did deserve this disrespect,0
Ah yes the gays are totally destroying America. I can see buildings burning and meteors crashing into schools wow,ah yes the gays are totally destroying america i can see buildings burning and meteors crashing into schools wow,0
Strikers in Phalaborwa striking over the CHINESE taking their jobs. Strikers burning buildings attacking cars 2... http://t.co/08LnGClZsj,strikers in phalaborwa striking over the chinese taking their jobs strikers burning buildings attacking cars,1
if firefighters acted like cops they'd drive around shooting a flamethrower at burning buildings,if firefighters acted like cops theyd drive around shooting a flamethrower at burning buildings,0
"dog rendered a kitten from burning buildings
https://t.co/9cpWIEcEGv http://t.co/rZLYtneZ2u",dog rendered a kitten from burning buildings,1
@kshllcenterpri1 @Progress4Ohio burning down buildings what you mean like when you burnt down those black churches?,burning down buildings what you mean like when you burnt down those black churches,1
"'i never understood guys who wanted to run into burning buildings.'
'you chase murderers.'
'not if they're on fire.'",i never understood guys who wanted to run into burning buildings you chase murderers not if theyre on fire,0
Dudes will thoroughly express how stupid black ppl r for burning buildings in response to brutality but nvr mention them being mistreated.,dudes will thoroughly express how stupid black ppl r for burning buildings in response to brutality but nvr mention them being mistreated,1
"You picture buildings burning to the ground from the basement to the streetlight. 

I'm not your drinking problem
a hole is in the sky.",you picture buildings burning to the ground from the basement to the streetlight im not your drinking problem a hole is in the sky,1
Where are the protests ? The riots? The burning buildings? How come you don't see any of that crap happening when... http://t.co/1QOchsPYbw,where are the protests the riots the burning buildings how come you dont see any of that crap happening when,1
Insane bush fires in California. Be safe. https://t.co/jSlxTQ3NqS,insane bush fires in california be safe,1
@POTUS Would you please explain what you are going to do about the volcanoes &amp; bush fires spouting all that CO2 into the air?,would you please explain what you are going to do about the volcanoes amp bush fires spouting all that co into the air,1
@marcoarment Middle of winter in Sydney we have had snow bush fires and 78 degree days in the last week.  Keeps you on your toes for sure.,middle of winter in sydney we have had snow bush fires and degree days in the last week keeps you on your toes for sure,1
Ted Cruz fires back at Jeb &amp; Bush: ÛÏWe lose because of Republicans like Jeb &amp; Mitt.Û [Video] -  http://t.co/BFTHaHLCr0,ted cruz fires back at jeb amp bush we lose because of republicans like jeb amp mitt video,0
OMFG there are bush fires all over this tiny island. Our freaking house is gonna burn down.,omfg there are bush fires all over this tiny island our freaking house is gonna burn down,1
Slash-and-burn blamed for bush fires in western St Thomas - http://t.co/5dJ6cHjFZP,slashandburn blamed for bush fires in western st thomas,1
Drought fuels bush fires in Jamaica - http://t.co/ZDtDqQbAHC http://t.co/PsQCNsVfgP - @JamaicaObserver @cnewslive RE https://t.co/6ZGef8J8Bm,drought fuels bush fires in jamaica re,1
Ted Cruz fires back at Jeb &amp; Bush: ÛÏWe lose because of Republicans like Jeb &amp; Mitt.Û [Video] -  http://t.co/bFtiaPF35F,ted cruz fires back at jeb amp bush we lose because of republicans like jeb amp mitt video,0
@DoriCreates @alhanda seems gov moonbeam between tokes blames bush for all the fires.,seems gov moonbeam between tokes blames bush for all the fires,1
The Public Health Team was traumatised after the bush fires. Could #AppreciativeInquiry turn this around? http://t.co/soEa1GgbKj,the public health team was traumatised after the bush fires could turn this around,1
On holiday to relax sunbathe and drink ... Putting out bush fires? Not so much ?? #spain https://t.co/dRno7OKM21,on holiday to relax sunbathe and drink putting out bush fires not so much,0
Californian Bush Fires 2015 http://t.co/rjdX29wosp,californian bush fires,1
28 Oct 1895: 'Bush Fires.' http://t.co/zCKXtFc9PT,oct bush fires,1
@dacherryontop13 ohh there are bush fires in Spain like every year one time when we went swimming there were planes getting water to fight,ohh there are bush fires in spain like every year one time when we went swimming there were planes getting water to fight,1
Bush Fires are scary....even scarier when you go down and fight them,bush fires are scaryeven scarier when you go down and fight them,1
One thing you can be sure of. There will never be bush fires in Scotland as the ground is always soaking wet????,one thing you can be sure of there will never be bush fires in scotland as the ground is always soaking wet,0
Drought fuels bush fires in Jamaica - http://t.co/0YMF6TXFcH http://t.co/3i3d2NGeNt - @JamaicaObserver @cnewslive RE https://t.co/jyIEkEo2he,drought fuels bush fires in jamaica re,1
@JohnFromCranber  Pleas FOR global warming don't really work when California / Australia keep having catastrophic 'bush' fires.,pleas for global warming dont really work when california australia keep having catastrophic bush fires,1
Ted Cruz fires back at Jeb &amp; Bush: ÛÏWe lose because of Republicans like Jeb &amp; Mitt.Û [Video] http://t.co/FgDEh56PLO,ted cruz fires back at jeb amp bush we lose because of republicans like jeb amp mitt video,0
SMH photographer Wolter Peeters was on the front line with NSW Rural Fire Service crews laÛ_ http://t.co/gXe7nHwZ3e http://t.co/sRbqlMuwbV,smh photographer wolter peeters was on the front line with nsw rural fire service crews la,1
So apparently there were bush fires near where I live over the weekend that I was totally oblivious to...,so apparently there were bush fires near where i live over the weekend that i was totally oblivious to,1
California Bush fires please evacuate affected areas ASAP when california govts advised you to do so http://t.co/ubVEVUuAch,california bush fires please evacuate affected areas asap when california govts advised you to do so,1
Ted Cruz fires back at Jeb &amp; Bush: ÛÏWe lose because of Republicans like Jeb &amp; Mitt.Û [Video] -  http://t.co/KCofF6BmiE,ted cruz fires back at jeb amp bush we lose because of republicans like jeb amp mitt video,0
The Bush fires in CA are so crazy,the bush fires in ca are so crazy,1
Emergency 4 Harbor City Mod v4.5.2 #6 Chemical Fire in Residential Area!: http://t.co/uLuPxYzJwV via @YouTube,emergency harbor city mod v chemical fire in residential area via,1
Two cars collided following shotgun fire in Denton http://t.co/0r03C6njLI,two cars collided following shotgun fire in denton,1
And here I was complaining about Phoenix Mode in Fire Emblem. Turns out Ray Gigant will have a 'difficulty' option where you take 0 damage.,and here i was complaining about phoenix mode in fire emblem turns out ray gigant will have a difficulty option where you take damage,0
Red Flag Warning for fire danger &amp; dry thunderstorms in Bay Area http://t.co/ugzu9iqPRW #weather #cawx by @NWSBayArea,red flag warning for fire danger amp dry thunderstorms in bay area by,1
Thunderstorms with little rain expected in Central California. High fire danger. #weather #cawx http://t.co/A5GNzbuSqq,thunderstorms with little rain expected in central california high fire danger,1
@David5Fernandez @theblaze trump will get absolutely demolished in a general election.,trump will get absolutely demolished in a general election,0
demolition 1 &amp; 2 still the most fire freestyles ever,demolition amp still the most fire freestyles ever,0
The Hobbit: The Desolation of Smaug - Ed Sheeran 'I See Fire' [HD] http://t.co/OXRwRJZmnu,the hobbit the desolation of smaug ed sheeran i see fire hd,0
"Plot
In the futurea totalitarian government employs a force known as Firemen to seek out and destroy all literature https://t.co/DRfKarLz1d",plot in the futurea totalitarian government employs a force known as firemen to seek out and destroy all literature,0
Crews were out all day boarding up windows at the park at the Galleria apts. where fire displaced 55 this AM. http://t.co/NMPN2mqZgE,crews were out all day boarding up windows at the park at the galleria apts where fire displaced this am,1
#KCA #VoteJKT48ID 12News: UPDATE: A family of 3 has been displaced after fired damaged housed near 90th and Osborn. Fire extinguished no iÛ_,news update a family of has been displaced after fired damaged housed near th and osborn fire extinguished no i,1
40 displaced by Ocean Township apartment fire #NewYork - http://t.co/uelZ59wVOm,displaced by ocean township apartment fire,1
PennLive - Two families displaced by Mechanicsburg blaze - No one was injured in the fire. http://t.co/OHYD7Hhcpe,pennlive two families displaced by mechanicsburg blaze no one was injured in the fire,1
@peterjukes A crime that killed/displaced millions. In which systematic torture was carried out. But look. GrahamWP fired a gun! Arrest him!,a crime that killeddisplaced millions in which systematic torture was carried out but look grahamwp fired a gun arrest him,1
"Elem Pomo helping the displaced from the Rocky Fire. Please consider!
Elem Evacuation Center http://t.co/dYDFvz7amj via @gofundme",elem pomo helping the displaced from the rocky fire please consider elem evacuation center via,1
Gov. Brown links CA wildfire to drought http://t.co/jEvrCWUdpm,gov brown links ca wildfire to drought,1
California meets drought-fueled fire season with extra crews.. Related Articles: http://t.co/rKDzB0TGC3,california meets droughtfueled fire season with extra crews related articles,1
'California's Burning:' Gov. on Drought Wildfires http://t.co/mkqSVp8E0G,californias burning gov on drought wildfires,1
@HeyImBeeYT its like theres fire in my skin and im drowning from within ????,its like theres fire in my skin and im drowning from within,1
@danisnotonfire don't let Phil help out he'll probably electrocute himself,dont let phil help out hell probably electrocute himself,0
I was blow drying my hair &amp; the cable caught on fire. I let go of it as soon as I realized. Just before I could get electrocuted ??,i was blow drying my hair amp the cable caught on fire i let go of it as soon as i realized just before i could get electrocuted,1
Survival Kit Whistle Fire Starter Wire Saw Cree Torch Emergency Blanket S knife  - Full reÛ_ http://t.co/cm7HqwWUlZ http://t.co/KdwAzHQTov,survival kit whistle fire starter wire saw cree torch emergency blanket s knife full re,1
Survival Kit Whistle Fire Starter Wire Saw Cree Torch Emergency Blanket S knife  - Full reÛ_ http://t.co/2OroYUNYM2 http://t.co/C9JnXz3DXC,survival kit whistle fire starter wire saw cree torch emergency blanket s knife full re,0
Came across this fire video not mine..enjoy..#fire #firemen #firetruck #emergency #rescue #911 #summertime #sirensÛ_ http://t.co/hcYAJsAcfJ,came across this fire video not mineenjoy,1
Practice your families fire escape plan so everyone knows what to do in case of an emergency.,practice your families fire escape plan so everyone knows what to do in case of an emergency,0
@FNAF_TalkMC *stands there engulfed in the fire smiling*,stands there engulfed in the fire smiling,0
Fully Engulfed Garage Fire: Propane Tanks Inside. Sunnymeade Dr.,fully engulfed garage fire propane tanks inside sunnymeade dr,1
Learn how to evacuate your home in the event of a #wildfire view videos at http://t.co/bGeRLjamTE #CA #NV #UT #CO #OR http://t.co/sPuHuvgAsy,learn how to evacuate your home in the event of a view videos at,1
"'So again make sure to evacuate past the fire doors. Any questions? Yes?'
'Why would we open the doors to the fire!!?!??!?'

I...I..I cant",so again make sure to evacuate past the fire doors any questions yes why would we open the doors to the fire iii cant,0
When there's a fire alarm going off in zehrs and we keep working for 20 minutes then decide to evacuate everyone..,when theres a fire alarm going off in zehrs and we keep working for minutes then decide to evacuate everyone,1
California &amp;#039;monster&amp;#039; fire is 20% contained as 13000 are told to evacuate http://t.co/aPTAP6Yx1r,california ampmonsteramp fire is contained as are told to evacuate,1
Firefigthers Evacuate from Northampton Township House Fire http://t.co/hPplD1jHtZ,firefigthers evacuate from northampton township house fire,1
Fire crews evacuate passengers from a Gold Coast tram trapped when powerlines fell across a carriage. #TenNews 5pm http://t.co/hFyrloQY8q,fire crews evacuate passengers from a gold coast tram trapped when powerlines fell across a carriage pm,1
So all the store's fire alarms went off today at work and we had to evacuate. I was like 'OMG!! I.S.I.S. ITS HAPPENING!!!!',so all the stores fire alarms went off today at work and we had to evacuate i was like omg isis its happening,1
California wildfires force thousands to evacuate: http://t.co/GFsl2Kwt5h via @YouTube,california wildfires force thousands to evacuate via,1
Tonight is being quite interesting... A few minutes ago the fire system went off and we had to evacuate the building.,tonight is being quite interesting a few minutes ago the fire system went off and we had to evacuate the building,1
Red Cross re-opens shelter at Bickleton School after 25 homes evacuated in &amp; around Roosevelt WA due to wildfire. #LiveOnK2,red cross reopens shelter at bickleton school after homes evacuated in amp around roosevelt wa due to wildfire,1
New evacuation ordered for 25 homes in danger of Hwy. 8 fire near Roosevelt Wash. http://t.co/SQsyUeh4yI #KOIN6News http://t.co/199t7ND0pm,new evacuation ordered for homes in danger of hwy fire near roosevelt wash,1
More than 300 campers evacuated as California wildfire blazes on officials say http://t.co/wwgAdpFFkW,more than campers evacuated as california wildfire blazes on officials say,1
"Trafford Centre film fans angry after Odeon cinema evacuated following false fire alarm: 
 Twitter users tell ... http://t.co/dZLENSe1Gw",trafford centre film fans angry after odeon cinema evacuated following false fire alarm twitter users tell,1
13000 evacuated as California firefighters fight flames to save homes. #RockyFire http://t.co/tB52o146tx http://t.co/tsbTiGDSDT,evacuated as california firefighters fight flames to save homes,1
Trafford Centre film fans angry after Odeon cinema evacuated following false fire alarm http://t.co/pFMn63VnAm http://t.co/vKwqbOJFJc,trafford centre film fans angry after odeon cinema evacuated following false fire alarm,1
Rocky fire in Northern California swells to 60000 acres; 12000 evacuated http://t.co/42gW2i2Q41 Portland #Phoenix #Miami #Atlanta #Casper,rocky fire in northern california swells to acres evacuated portland,1
Trafford Centre film fans angry after Odeon cinema evacuated following false fire alarm: Twitter users tell ofÛ_ http://t.co/PZeiXi4Xk7,trafford centre film fans angry after odeon cinema evacuated following false fire alarm twitter users tell of,1
@missleylaha I didn't get to buy one after the last London show because the fire alarm went off and everyone had to be evacuated. hahahaha,i didnt get to buy one after the last london show because the fire alarm went off and everyone had to be evacuated hahahaha,0
#WorldNews Fallen powerlines on G:link tram: UPDATE: FIRE crews have evacuated up to 30 passengers who were tr...  http://t.co/EYSVvzA7Qm,fallen powerlines on glink tram update fire crews have evacuated up to passengers who were tr,1
Trafford Centre film fans angry after Odeon cinema evacuated following false fire alarm   http://t.co/6GLDwx71DA,trafford centre film fans angry after odeon cinema evacuated following false fire alarm,0
Evacuation orders lifted for Roosevelt in Highway 8 fire. http://t.co/e2HltYyFAk #koin6news http://t.co/pmxEzUo4AY,evacuation orders lifted for roosevelt in highway fire,1
"Trafford Centre film fans angry after Odeon cinema evacuated following false fire alarm: 
 Twi... http://t.co/RYEQMxIrj8 #manchesterlite",trafford centre film fans angry after odeon cinema evacuated following false fire alarm twi,1
Hotel evacuated after fire on Shore Drive in Norfolk http://t.co/6X0xHlbxji,hotel evacuated after fire on shore drive in norfolk,1
Rocky Fire http://t.co/wxhMp5ppjq,rocky fire,1
Entire town of Roosevelt Wash. evacuated because of wildfire http://t.co/CmwEIojJ55,entire town of roosevelt wash evacuated because of wildfire,1
KATUNews: #SR14 remains closed as brush fire burns 1700 acres: http://t.co/QposKp3MWj #LiveOnK2 http://t.co/mTQjsvupwy,katunews remains closed as brush fire burns acres,1
Good thing there was actually just a legit fire in the mall and nobody evacuated!!,good thing there was actually just a legit fire in the mall and nobody evacuated,1
Rocky fire in Northern California swells to 60000 acres; 12000 evacuated http://t.co/mtfnbhRYZq Portland #Phoenix #Miami #Atlanta #Casper,rocky fire in northern california swells to acres evacuated portland,1
#Breaking: Authorities have issued new mandatory evacuation notices for 25 homes to the North of the fire in #Roosevelt WA,authorities have issued new mandatory evacuation notices for homes to the north of the fire in wa,1
Roosevelt Wash. under evacuation order due to wildfire http://t.co/FiJAPxyKRQ,roosevelt wash under evacuation order due to wildfire,1
Our mission to see the end of this movie last night @markoturner @annaciclismo after getting fire alarm evacuation http://t.co/5kFOVovjso,our mission to see the end of this movie last night after getting fire alarm evacuation,1
Evacuation Advisory for Swayback Ridge Area..voluntary-InciWeb:Mad River Complex Announcement http://t.co/vN73o4SGzJ #wildfires #calfires,evacuation advisory for swayback ridge areavoluntaryinciwebmad river complex announcement,1
Updated #RockyFire map with Mandatory Evacuation areas (red) Advisory Evacuation (yellow) 2 Evac Centers (green) https://t.co/gZEgjoAKKw,updated map with mandatory evacuation areas red advisory evacuation yellow evac centers green,1
ÛÏA voluntary evacuation is being recommended at this timeÛ for Pickerel Lake cabins across highway from #Reidlake fire says MACA #NWT #YZF,a voluntary evacuation is being recommended at this time for pickerel lake cabins across highway from fire says maca,1
Reid Lake fire prompts campground evacuation order http://t.co/jBODKM6rBU,reid lake fire prompts campground evacuation order,1
Evacuation drill at work. The fire doors wouldn't open so i got to smash the emergency release glass #feelingmanly,evacuation drill at work the fire doors wouldnt open so i got to smash the emergency release glass,0
Evacuation order lifted for Roosevelt after #Wildfire misses town - KOMO News http://t.co/qCpMktGLLR,evacuation order lifted for roosevelt after misses town komo news,1
Block the plate with a charging Schwarber coming down the line Cervelli. I dare you. You would explode into a little puff of smoke,block the plate with a charging schwarber coming down the line cervelli i dare you you would explode into a little puff of smoke,0
Yumiko jumped in surprise as the fire shot upwards into the air and exploded caught off guard~ 'woah...' She had--( @LenkaIsWaifu ),yumiko jumped in surprise as the fire shot upwards into the air and exploded caught off guard woah she had,0
Investigators shift focus to cause of fatal Waimate fire http://t.co/c9dVDsSoFn,investigators shift focus to cause of fatal waimate fire,1
Investigators shift focus to cause of fatal Waimate fire http://t.co/a6Ro9bmXcy,investigators shift focus to cause of fatal waimate fire,1
Investigators shift focus to cause of fatal Waimate fire http://t.co/aDSvDpNP3r,investigators shift focus to cause of fatal waimate fire,1
Investigators shift focus to cause of fatal Waimate fire http://t.co/GoeTJGIhOp,investigators shift focus to cause of fatal waimate fire,1
Understand that there are no fatalities as no one was trapped inside the wholesale market. 8 fire engines and 40 fire fighters on scene.,understand that there are no fatalities as no one was trapped inside the wholesale market fire engines and fire fighters on scene,1
Morganite Gemstone White Fire Opal 925 Sterling Silver Ring Size 6 R1354 http://t.co/hHpVSAtQXN http://t.co/D12r8XpShy,morganite gemstone white fire opal sterling silver ring size r,0
Marquei como visto Game of Thrones - 3x5 - Kissed by Fire http://t.co/CJHH17duli #bancodeseries,marquei como visto game of thrones x kissed by fire,0
Save the Date! Saturday August 15 2015 is the Salisbury Fire Department Open House at 325 Cypress St 10am to... http://t.co/Oa6B0Z2H6Y,save the date saturday august is the salisbury fire department open house at cypress st am to,0
Why put out a fire when it's still burning.,why put out a fire when its still burning,0
@Miss_HoMaStToPa cause were on fire we are on fire were on fire now.. Yeah were on fire we are on fire were on fire nowwwwww,cause were on fire we are on fire were on fire now yeah were on fire we are on fire were on fire no,1
My avi And header combo is fire,my avi and header combo is fire,0
http://t.co/iNkuv5DNTX #auction #shoes Retro 5 fire red http://t.co/1cvEGTIZOG,retro fire red,0
My asshole is on fire  https://t.co/Y3FO0gHg8t,my asshole is on fire,0
I'm crying that song just ended setting myself on fire  https://t.co/i2El5aCrRW,im crying that song just ended setting myself on fire,0
Setting things on fire is always an option,setting things on fire is always an option,1
Sitting around a fire sounds great right about now,sitting around a fire sounds great right about now,0
I See Fire,i see fire,0
But put 'Flood of Fire' at the top of the list.  https://t.co/p5JPjgiipW,but put flood of fire at the top of the list,1
I'm On Fire.  http://t.co/WATsmxYTVa,im on fire,0
Politifiact: Harry Reid's '30 Percent of Women Served' Planned Parenthood Claim Is a 'Pants on Fire' Lie http://t.co/aMYMwWcpYm | #tcot,politifiact harry reids percent of women served planned parenthood claim is a pants on fire lie,0
Dear @CanonUSAimaging I brought it ;) #CanonBringIt #Fire  #CanonTattoo #MN #TheresMoreWhereThatCameFrom http://t.co/tCXxHdJAs6,dear i brought it,0
@seanhannity @ScottWalker yeah just who we need another middle class hating republican out to get hard working cops fire fighters teachers,yeah just who we need another middle class hating republican out to get hard working cops fire fighters teachers,0
This fire is WAY too close wtf is going on ???? http://t.co/drf3mmRbyx,this fire is way too close wtf is going on,1
Fire Meet Gasoline always gotta get played twice lol,fire meet gasoline always gotta get played twice lol,0
WCW @catsandsyrup THA BITCH IS FIRE,wcw tha bitch is fire,0
well it feels like im on fire.,well it feels like im on fire,0
her eyes and words are so icy but she burns like rum on the fire,her eyes and words are so icy but she burns like rum on the fire,0
#news Politifiact: Harry Reid's '30 Percent of Women Served' Planned Parenthood Claim Is a 'Pants on Fire' Lie... http://t.co/bMSeDZOfSV,politifiact harry reids percent of women served planned parenthood claim is a pants on fire lie,0
Nothing like a good fire https://t.co/ItFbBz9xYC,nothing like a good fire,1
@DaughterofNai Tenshi activated Yuki's fire card!,tenshi activated yukis fire card,0
California been shaking...catching on fire....and overcharging ppl on rent for the past 150+ years it ain't going nowhere.,california been shakingcatching on fireand overcharging ppl on rent for the past years it aint going nowhere,1
There's a fire in the Catalinas. Looks kinda cool. This picture doesn't do it justice. https://t.co/N0tAwGeZJx,theres a fire in the catalinas looks kinda cool this picture doesnt do it justice,1
@zaynmalik don't overwork yourself. Your album is gonna be fire just don't overwork or stress! I love you take care,dont overwork yourself your album is gonna be fire just dont overwork or stress i love you take care,0
@Justin_Ling I promise not to tax pancakes or rainbows or not dying in a fire.,i promise not to tax pancakes or rainbows or not dying in a fire,0
This nigga Cyhi diss was what Meek was suppose to do. This shit actually fire,this nigga cyhi diss was what meek was suppose to do this shit actually fire,0
I wanna set some shit on fire.,i wanna set some shit on fire,1
In the words of Charlie Daniels 'Fire on the mountain run boys run.'Û_ https://t.co/fz1HAEj255,in the words of charlie daniels fire on the mountain run boys run,1
I just checked in! ÛÒ at On Fire on @ZomatoAUS #LoveFood http://t.co/9l5kqykrbG,i just checked in at on fire on,1
When your heart is bigger than the obstacles  in front of you #euro #dontexpectnothing #july #fire @euro,when your heart is bigger than the obstacles in front of you,0
Fire waves and darkness,fire waves and darkness,0
It may seem like our fire has been a little burnt out....,it may seem like our fire has been a little burnt out,0
Smelling a Bon fire while driving makes me wanna be sitting near one making s'mores ????,smelling a bon fire while driving makes me wanna be sitting near one making smores,1
Will be dropping fire selfie tomorrow saying 'you're welcome' ahead of time.,will be dropping fire selfie tomorrow saying youre welcome ahead of time,0
Fire Call: BRANT AV / DRUMMOND RD for Fire - *Structure - Single. Units: CAR 6 On Call Truck http://t.co/euDwNFyUeM,fire call brant av drummond rd for fire structure single units car on call truck,1
Your PSA for the day: If a fire truck is behind you with lights going MOVE OVER!!! so they can get to their call.,your psa for the day if a fire truck is behind you with lights going move over so they can get to their call,0
#RFP: Fire Truck Service Body for F-450 (Fire fighting rescue &amp; safety equipment Transporta... http://t.co/8GtRvEcE1N,fire truck service body for f fire fighting rescue amp safety equipment transporta,0
#reno Truck trailer catches fire in Reno http://t.co/k5FIJaNkJb,truck trailer catches fire in reno,1
wild night in the village of pugwash every fire truck is out that the town has which is like a fire truck for every house -population:6,wild night in the village of pugwash every fire truck is out that the town has which is like a fire truck for every house population,1
'An 18-wheeler came along and struck the fire truck spinning it around 180 degrees and causing it to roll over' http://t.co/kmPfhGlhoo,an wheeler came along and struck the fire truck spinning it around degrees and causing it to roll over,1
SIGALERT UPDATE #3***N-133 CLOSED AT 5 FWY UFN***- TRASH TRUCK FIRE,sigalert update n closed at fwy ufn trash truck fire,1
@BrookTekle_ didn't look like a murder scene just 1 cops a fire truck and 2 fire assistance cars along with a helicopter,didnt look like a murder scene just cops a fire truck and fire assistance cars along with a helicopter,1
Former Township fire truck being used in Philippines - Langley Times http://t.co/L90dCPV9Zu #Philippines,former township fire truck being used in philippines langley times,1
Former Township fire truck being used in Philippines: Township of Langley assistant fire chief Pat Walker spen... http://t.co/r6YJw4xcKY,former township fire truck being used in philippines township of langley assistant fire chief pat walker spen,1
Our garbage truck really caught on fire lmfao.,our garbage truck really caught on fire lmfao,0
@KapoKekito on northgate by the taco truck that's fire.,on northgate by the taco truck thats fire,1
It's never a good sign when you pull up to work &amp; there's five ambulances &amp; a fire truck in the bay. Wompppp at least it's Friday,its never a good sign when you pull up to work amp theres five ambulances amp a fire truck in the bay wompppp at least its friday,1
Fire truck and ambulance in K3 Phase 3. Hope everyone's okay. #PrayForSaipan,fire truck and ambulance in k phase hope everyones okay,1
#SigAlert: North &amp; Southbound 133 closed btwn 5 fwy and Irvine Blvd due to truck fire. CHP is detouring traffic.,north amp southbound closed btwn fwy and irvine blvd due to truck fire chp is detouring traffic,1
@eeenice221 true because of the truck that caught fire?,true because of the truck that caught fire,1
@JustineJayyy OHGOD XD I didn't mean it so =P But you have that fire truck in the back of you to make up for it so you good xD,ohgod xd i didnt mean it so p but you have that fire truck in the back of you to make up for it so you good xd,0
"Came across this fire video not mine..enjoy..Babes way of saying hi to me while he's in the fire truck??
#fireman #Û_ http://t.co/V5gTUnwohy",came across this fire video not mineenjoybabes way of saying hi to me while hes in the fire truck,0
133 N past  the 5 L lane is reopened. All other lanes are closed. All lanes are open on the 133 S. Trash truck fire cleanup. @KNX1070,n past the l lane is reopened all other lanes are closed all lanes are open on the s trash truck fire cleanup,1
Found this cool photo not mine 1952 Dodge Wayne bodied 4 window bus.  Ex Libby MT Fire Department truck. All oriÛ_ http://t.co/mcEjZzxgh8,found this cool photo not mine dodge wayne bodied window bus ex libby mt fire department truck all ori,1
Trident 90225 Chevy fire Truck w/ Pumper  IMS Fire Dept. Red HO 1:87  plastic http://t.co/FAQNFUpeGn http://t.co/mQfOfKXtyh,trident chevy fire truck w pumper ims fire dept red ho plastic,0
Toddler Bedding Firetruck Bundle Fire Truck Firefighter Sticker Decals Sign Wall http://t.co/ykuAuOV9jO,toddler bedding firetruck bundle fire truck firefighter sticker decals sign wall,0
when a monster truck racer catches on fire at the fair,when a monster truck racer catches on fire at the fair,1
Truck fire clogs canyon road http://t.co/JRDwyy0aX4,truck fire clogs canyon road,1
rgj: Truck trailer catches fire in Reno http://t.co/kAF3WdRmTn,rgj truck trailer catches fire in reno,1
#Philippines Former Township fire truck being used in Philippines: Û_  of emergency equipment in Cebu Philippi...  http://t.co/aL28RVkqPQ,former township fire truck being used in philippines of emergency equipment in cebu philippi,1
theres a fire truck in this parking lot,theres a fire truck in this parking lot,0
'Choose to be happy. Fire truck the rest.' http://t.co/tAmRCWfYgd ????? Review of Kick Push by @JayMcLeanAuthor,choose to be happy fire truck the rest review of kick push by,0
Former Township fire truck being used in Philippines - Langley Times http://t.co/iMiLsFxntf #filipino,former township fire truck being used in philippines langley times,0
Jacksonville Fire &amp; Rescue Engine 58 - AWESOME TRUCK! - OFFICIAL JADE FL... https://t.co/ybdSlJw7c1 via @YouTube,jacksonville fire amp rescue engine awesome truck official jade fl via,1
#NJTurnpike å_ #NJTurnpike Reopens Hours After Truck Fire In? http://t.co/oABJZtbVyZ http://t.co/GPBXRrDc07,reopens hours after truck fire in,1
Û÷We Can HelpÛª Says Denver Firefighter Working To Curb First Responder Suicide http://t.co/WtaFaepuKZ,we can help says denver firefighter working to curb first responder suicide,1
'We Can Help' Says Denver Firefighter Working To Curb First Responder Suicide http://t.co/aVV6hPNpch,we can help says denver firefighter working to curb first responder suicide,1
At the #999day Emergency Services display! Meeting the brave police firefighters and first responders that help keep us safe! ????????,at the emergency services display meeting the brave police firefighters and first responders that help keep us safe,1
As firefighters make gains on #RockyFire Jerry Brown is heading to the area to meet with first responders tomorrow morning,as firefighters make gains on jerry brown is heading to the area to meet with first responders tomorrow morning,1
After shooting event at the theater @Starbucks is giving FREE COFFEE to all first responders police &amp; firefighters. AntiochHickoryHollow#TN,after shooting event at the theater is giving free coffee to all first responders police amp firefighters antiochhickoryhollow,1
Just added some more fire to the flames for Saturday! Rick Wonder will be spinning a guest set along with Chachi... http://t.co/Otblb9PJ2I,just added some more fire to the flames for saturday rick wonder will be spinning a guest set along with chachi,0
@gilderoy i wish i was good enough to add flames to my nails im on fire,i wish i was good enough to add flames to my nails im on fire,1
Maryland mansion fire that killed 6 caused by damaged plug under Christmas tree report says - Into the flames... http://t.co/ucUDwIU3aN,maryland mansion fire that killed caused by damaged plug under christmas tree report says into the flames,1
ÛÏYou see the devastation &amp; itÛªs shocking.ÛÏ  Firefighters continue to battle flames in California. benstracy reports Û_,you see the devastation amp its shocking firefighters continue to battle flames in california benstracy reports,1
RP said they can see smoke coming from the silo on 260th Street in Hartford but no flames.,rp said they can see smoke coming from the silo on th street in hartford but no flames,1
Maryland mansion fire that killed 6 caused by damaged plug under Christmas tree report says - Into the flames: Firefighter's bravery...,maryland mansion fire that killed caused by damaged plug under christmas tree report says into the flames firefighters bravery,1
Maryland mansion fire that killed 6 caused by damaged plug under Christmas tree report says - Into the flames... http://t.co/P1WmkXA9d8,maryland mansion fire that killed caused by damaged plug under christmas tree report says into the flames,1
SoloQuiero Maryland mansion fire that killed 6 caused by damaged plug under Christmas tree report says - Into the flames: Firefighte...,soloquiero maryland mansion fire that killed caused by damaged plug under christmas tree report says into the flames firefighte,1
Maryland mansion fire that killed 6 caused by damaged plug under Christmas tree report says - Into the flames... http://t.co/lKJFabQzb3,maryland mansion fire that killed caused by damaged plug under christmas tree report says into the flames,1
E1.1.2 Particulate=Break up of Solid Combust Fossil Fuel Voltaic Active Forest Fire Biological VOC=Petroleum CH4 Bacteria Decomposition,e particulatebreak up of solid combust fossil fuel voltaic active forest fire biological vocpetroleum ch bacteria decomposition,1
BE CAREFUL anyone who lives west of Beaverton. Forest Grove has a rapidly spreading fire heading east,be careful anyone who lives west of beaverton forest grove has a rapidly spreading fire heading east,1
I added a video to a @YouTube playlist http://t.co/bcjYleRRYX Ori and the Bind forest ep 6 'Fire and death',i added a video to a playlist ori and the bind forest ep fire and death,1
How is it one careless match can start a forest fire but it takes a whole box to start a campfire?,how is it one careless match can start a forest fire but it takes a whole box to start a campfire,1
Our little forest fire wardens http://t.co/aPreNsss3x,our little forest fire wardens,1
Fire in Pisgah National Forest grows to 375 acres http://t.co/d7zxZ42QW1,fire in pisgah national forest grows to acres,1
Ashenforest floorburnt manzanita &amp; timber on Johnson Fire along ridge on Forest Road 1. #RouteComplex http://t.co/FYMP4I2Wp5,ashenforest floorburnt manzanita amp timber on johnson fire along ridge on forest road,1
@Sweet2Young -runs at her for setting my forest on fire and bites the shit out of her neck-,runs at her for setting my forest on fire and bites the shit out of her neck,1
@hornybigbadwolf -sets the forest on fire-,sets the forest on fire,1
I liked a @YouTube video http://t.co/jK7nPdpWRo J. Cole - Fire Squad (2014 Forest Hills Drive),i liked a video j cole fire squad forest hills drive,0
View of smoke column rising above the south end of the Blake Fire along Forest Road 1. #RouteComplex http://t.co/Yqg5Pvw5gX,view of smoke column rising above the south end of the blake fire along forest road,1
IT STARTS A FOREST FIRE THAT CANNOT BE PUT OUT. http://t.co/3STfmN26r9,it starts a forest fire that cannot be put out,1
Fire in Pisgah National Forest grows to 375 acres http://t.co/dao9AZEUcr,fire in pisgah national forest grows to acres,1
I had to grill for a school function. One of the grills we had going was pretty much either off or forest fire. No inbetween! Made it work,i had to grill for a school function one of the grills we had going was pretty much either off or forest fire no inbetween made it work,0
5:15p For those who watch over me forest fire smoke has lifted 'nuff f/me t/make a run t/the pet store on the hwy (N). I'll b/home by 7p.,p for those who watch over me forest fire smoke has lifted nuff fme tmake a run tthe pet store on the hwy n ill bhome by p,1
We are having forest fires out here in #socal but the only fire you should watch for is @YBTheProphet #RealHiphop https://t.co/ZPSnX5iYAJ,we are having forest fires out here in but the only fire you should watch for is,1
U.S. Forest Service firefighter David Ruhl 38 died in the 'Frog Fire' in the Modoc National Forest. He had been temporarily reassigned,us forest service firefighter david ruhl died in the frog fire in the modoc national forest he had been temporarily reassigned,1
USFS an acronym for United States Fire Service. http://t.co/8NAdrGr4xC,usfs an acronym for united states fire service,0
How is it one careless match can start a forest fire but it takes a whole box to start a campfire,how is it one careless match can start a forest fire but it takes a whole box to start a campfire,0
Only you can prevent forest fires. ???? http://t.co/rGYUaKc0dR,only you can prevent forest fires,1
#NaturalDisasters As California fires rage the Forest Service sounds the alarm about rising wildfire costs: Û_...  http://t.co/TQwrW3jQWo,as california fires rage the forest service sounds the alarm about rising wildfire costs,1
Q: Why do ducks have big flat feet? A: To stamp out forest fires. Q: Why do elephants have big flat feet? A: To stamp out flaming ducks.,q why do ducks have big flat feet a to stamp out forest fires q why do elephants have big flat feet a to stamp out flaming ducks,0
@gilmanrocks7 wow. Where is this? For the rest of the summer I usually have to worry about forest fires. Calgary is about 8 hours away.,wow where is this for the rest of the summer i usually have to worry about forest fires calgary is about hours away,1
As California fires rage Forest Service sounds the alarm about sharply rising wildfire costs http://t.co/dFYrPpzkPu http://t.co/iwsdbGd1zq,as california fires rage forest service sounds the alarm about sharply rising wildfire costs,1
A little concerned about the number of forest fires where I'll be living,a little concerned about the number of forest fires where ill be living,1
@nycdivorcelaw TRUMP IS A CLIMATE DENIER- algae bloom in the pacific from calif to alska- seeweed in caribean forest fires- SNOWBALL INHOFE,trump is a climate denier algae bloom in the pacific from calif to alska seeweed in caribean forest fires snowball inhofe,1
The forest service now spends &gt;50% of its budget fighting fires http://t.co/SrSLCxHc2T,the forest service now spends gt of its budget fighting fires,1
Cartoon Bears. Without them we would qave no knowlddge of forest fires or toilet paper.,cartoon bears without them we would qave no knowlddge of forest fires or toilet paper,0
This is the first year the Forest Service spent more than half its annual budget on fighting fires. #climatechange http://t.co/D62zfZy0Mi,this is the first year the forest service spent more than half its annual budget on fighting fires,1
As California fires rage the Forest Service sounds the alarm about rising wildfire costs http://t.co/Tft1bb4xaZ,as california fires rage the forest service sounds the alarm about rising wildfire costs,1
Reddit: http://t.co/UtuMVaABz6 Lightning sparks new fires in Boise National Forest /r/StormComing,reddit lightning sparks new fires in boise national forest rstormcoming,1
The spread of Conflict #PalmOil has sparked an increase in fires destroying #forest throughout #Indonesia http://t.co/4zn0MDsRVp,the spread of conflict has sparked an increase in fires destroying throughout,1
Photo: blue by @forest.fires source: http://t.co/awXR24zsqh http://t.co/o9A26Fn27y,photo blue by fires source,1
I'm about to cook your Smokey the Bear saving forest fires face ass  https://t.co/WtGGqS5gEh,im about to cook your smokey the bear saving forest fires face ass,0
Forest fires &amp; dying salmon: time 2 act not deny. Climate Change Nightmares Are  Here http://t.co/RBZomWGjeE #bcpoli #canpoli #vanpoli,forest fires amp dying salmon time act not deny climate change nightmares are here,1
Tales of the #trees #deep water loving #Lake Tahoe. And no #forest fires https://t.co/xuhMJ098Lq,tales of the water loving tahoe and no fires,0
"8-5-2015 - 4:30 P.M. - Progress Being Made on Boise Forest Fires
http://t.co/6o1mgMGHgt http://t.co/wTPO6elRZd",pm progress being made on boise forest fires,1
A group of Florida Forest Service firefighters could be deployed to California to help contain fires. Details at 10! http://t.co/fwuP9YURzY,a group of florida forest service firefighters could be deployed to california to help contain fires details at,1
PRAY! For EAST COAST FOREST FIRES! PRAY! That they be put out. PRAY! For RAIN!,pray for east coast forest fires pray that they be put out pray for rain,1
@BlueJays @Braves @Angels Instead of dumping water on yourselves please send it to British Columbia to help with the forest fires,instead of dumping water on yourselves please send it to british columbia to help with the forest fires,1
#HeartDisease U.S. Forest Service says spending more than half of budget on fires http://t.co/KzfiGkEeva,us forest service says spending more than half of budget on fires,1
' no pharrell  only YOU can prevent forest fires ' ??,no pharrell only you can prevent forest fires,0
CLIMATE CONSEQUENCES: U.S. Forest Service Says Spending More Than Half Of Budget On Fires http://t.co/k0QtL8aODH http://t.co/zQBXe7x9Y7,climate consequences us forest service says spending more than half of budget on fires,1
U.S. Forest Service says spending more than half of budget on fires http://t.co/1hLVrKwgIP,us forest service says spending more than half of budget on fires,1
Property losses from northern California wildfire nearly double http://t.co/oTfW5SEkD7 via @YahooNews,property losses from northern california wildfire nearly double via,1
Inciweb OR Update:  Rogue River-Siskiyou National Forest Fires  8/5/15 12:00 PM (Rogue River-Siskiyou NF AreaÛ_ http://t.co/LkwxU8QV7n,inciweb or update rogue riversiskiyou national forest fires pm rogue riversiskiyou nf area,1
Forest fires could delay @AbbyAirshow but officials say it could be a good thing http://t.co/Vxjcx8uKMd,forest fires could delay but officials say it could be a good thing,1
U.S. Forest Service says spending more than half of budget on fires: By Ian SimpsonÛ_ http://t.co/UyYYrKd6q3,us forest service says spending more than half of budget on fires by ian simpson,1
"Campsite recommendations 
Toilets /shower 
Pub 
Fires 
No kids 
Pizza shop 
Forest 
Pretty stream 
No midges
No snakes
Thanks ??",campsite recommendations toilets shower pub fires no kids pizza shop forest pretty stream no midges no snakes thanks,1
When ur friend and u are talking about forest fires in a forest and he tells u to drop ur mix tape out there... #straightfire,when ur friend and u are talking about forest fires in a forest and he tells u to drop ur mix tape out there,1
Firefighting consumes Forest Service budget sparks political clash: Forest Service report cites increasing cost ofÛ_ http://t.co/lSWsitnkuk,firefighting consumes forest service budget sparks political clash forest service report cites increasing cost of,1
I've burned myself before not in the self harm way in the I'm a dumbass and I shouldn't be allowed to be around fire way,ive burned myself before not in the self harm way in the im a dumbass and i shouldnt be allowed to be around fire way,0
Road closures remain in effect due to hazard trees falling tree torching and uphill runs of the fire. Forest Service Road #1 remains close,road closures remain in effect due to hazard trees falling tree torching and uphill runs of the fire forest service road remains close,1
@Dead_Dreamer15 ...because if it were on fire that'd be a safety hazard,because if it were on fire thatd be a safety hazard,1
@LondonFire Hi ..Is there an email that people can use to report s'thing they think is a fire hazard/dangerous?,hi is there an email that people can use to report sthing they think is a fire hazarddangerous,1
"day 3 without my phone and due to my slow shite computers it is utter hellfire :'(
Plez send help",day without my phone and due to my slow shite computers it is utter hellfire plez send help,0
The Prophet (peace be upon him) said 'Save yourself from Hellfire even if it is by giving half a date in charity.',the prophet peace be upon him said save yourself from hellfire even if it is by giving half a date in charity,0
Hellfire is surrounded by desires so be careful and donÛªt let your desires control you! #Afterlife,hellfire is surrounded by desires so be careful and dont let your desires control you,0
@DeeDee_Casey been on tour in the day to Hellfire caves! Would love to investigate the place though!,been on tour in the day to hellfire caves would love to investigate the place though,0
Beware of your temper and a loose tongue! These two dangerous weapons combined can lead a person to the Hellfire #islam!,beware of your temper and a loose tongue these two dangerous weapons combined can lead a person to the hellfire,0
HELLFIRE EP - SILENTMIND &amp; @_bookofdaniel  https://t.co/FKqJY3EzyG,hellfire ep silentmind amp,0
#Allah describes piling up #wealth thinking it would last #forever as the description of the people of #Hellfire in Surah Humaza. #Reflect,describes piling up thinking it would last as the description of the people of in surah humaza,0
Hellfire! We donÛªt even want to think about it or mention it so letÛªs not do anything that leads to it!,hellfire we dont even want to think about it or mention it so lets not do anything that leads to it,0
Hellfire is surrounded by desires so be careful and donÛªt let your desires control you! #Afterlife #islam,hellfire is surrounded by desires so be careful and dont let your desires control you,0
@IAN_Hellfire you said it's rude based on an experience. Kind of a next level sub tweet in a way lol. Either way you got worked up,you said its rude based on an experience kind of a next level sub tweet in a way lol either way you got worked up,0
@HellFire_eV @JackPERU1 then I do this to one of them ????,then i do this to one of them,0
@IAN_Hellfire I got it for the mistake but boss got it worse cause their job was to oversee my work. Boss didn't change after that...,i got it for the mistake but boss got it worse cause their job was to oversee my work boss didnt change after that,0
That hellfire song from the hunchback of notre dame reminds me a lot of my house,that hellfire song from the hunchback of notre dame reminds me a lot of my house,0
Hellfire! We donÛªt even want to think about it or mention it so letÛªs not do anything that leads to it #islam!,hellfire we dont even want to think about it or mention it so lets not do anything that leads to it,0
New cocktail on the list! El Diablo Mas Verde: mezcal yellow chartreuse honey cucumber hellfire bitters.... http://t.co/REuosJEK4m,new cocktail on the list el diablo mas verde mezcal yellow chartreuse honey cucumber hellfire bitters,0
Fel Lord Zakuun is about to DIE ! #Hellfire #WOD http://t.co/x1oNV3d5uX,fel lord zakuun is about to die,1
Hellfire Gargoyle Hoof coil http://t.co/2ii3Brc7NX,hellfire gargoyle hoof coil,0
@IAN_Hellfire again not really. Do you have any idea how many times i have been ignored for fadc. You can't expect anything.,again not really do you have any idea how many times i have been ignored for fadc you cant expect anything,0
@USArmy has entered into the #JAGM project to replace #TOW and Hellfire missiles. Check it out here: http://t.co/2mnQC73hFk,has entered into the project to replace and hellfire missiles check it out here,0
UPDATE:M.E. confirms 2 women pulled from burning house died last Friday. 91 yr old Edna Jefferson&amp;Doris Sherfield72. http://t.co/L6nSLzl7mI,updateme confirms women pulled from burning house died last friday yr old edna jeffersonampdoris sherfield,1
Tonight we have attended a fire in Romford with @LondonFire thankfully no injuries http://t.co/iyjeJop2WI,tonight we have attended a fire in romford with thankfully no injuries,1
California LawÛÓNegligence and Fireworks Explosion Incidents http://t.co/d5w2zynP7b,california lawnegligence and fireworks explosion incidents,1
Lightning causes six new fires on VancouveråÊIsland http://t.co/VdILiiCyR5,lightning causes six new fires on vancouverisland,1
BREAKING: Authorities respond to Ocean fire http://t.co/h31Knuwzz5,breaking authorities respond to ocean fire,1
WACKOES like #MicheleBachman predict the WORLD will SOON be OBLITERATED by a burning firey INFERNO but can't accept #GlobalWarming!! HELLO!!,wackoes like predict the world will soon be obliterated by a burning firey inferno but cant accept hello,0
WACKOS like #MicheleBachman predict the WORLD will SOON be OBLITERATED by a burning firey INFERNO but cant accept #GlobalWarming!! HELLO!!!,wackos like predict the world will soon be obliterated by a burning firey inferno but cant accept hello,1
'Gunman who opened fire at Tennessee movie theater killed by police'  Anyone suspect suicide-by-cop?,gunman who opened fire at tennessee movie theater killed by police anyone suspect suicidebycop,1
Police kill hatchet-wielding gunman who opened fire inside Nashville movie theater: AåÊmiddle-aged manåÊarmed wi... http://t.co/tyD47NfL5x,police kill hatchetwielding gunman who opened fire inside nashville movie theater amiddleaged manarmed wi,1
Police walk up on me I be blowin smoke in dey face  wanna lock me up cus I got dope shit is gay,police walk up on me i be blowin smoke in dey face wanna lock me up cus i got dope shit is gay,0
Alabama firefighters quarantined after possible Ebola exposure http://t.co/hzpX6vAQPZ reports http://t.co/L4W0PCorbs,alabama firefighters quarantined after possible ebola exposure reports,1
Yay I can feel the wind gearing up for a rainstorm in #Vancouver!! Bring it on #drought #deadgrassandflowers #wildfires,yay i can feel the wind gearing up for a rainstorm in bring it on,1
The Latest: More Homes Razed by Northern California Wildfire - ABC News http://t.co/AKnBtuyaef,the latest more homes razed by northern california wildfire abc news,1
The Latest: More homes razed by Northern California wildfire: The latest on wildfires burning in California andÛ_ http://t.co/0Keh2TReNy,the latest more homes razed by northern california wildfire the latest on wildfires burning in california and,1
The Latest: More homes razed by Northern California wildfire - http://t.co/nTSwUAYEJI http://t.co/wgeFBuk4Jk,the latest more homes razed by northern california wildfire,1
The Latest: More Homes Razed by Northern California Wildfire - ABC News http://t.co/ZBZc8905Gl,the latest more homes razed by northern california wildfire abc news,1
The Latest: More Homes Razed by Northern California Wildfire - ABC News http://t.co/lY8x7rqbwN,the latest more homes razed by northern california wildfire abc news,1
http://t.co/iXiYBAp8Qa The Latest: More homes razed by Northern California wildfire - Lynchburg News and Advance http://t.co/zEpzQYDby4,the latest more homes razed by northern california wildfire lynchburg news and advance,1
#News : The Latest: More Homes Razed by Northern California Wildfire - New York Times http://t.co/5kBRZZmf8c #TAFS #FB100%,the latest more homes razed by northern california wildfire new york times,1
The Latest: More Homes Razed by Northern California Wildfire - ABC News http://t.co/d1VjOYg52A,the latest more homes razed by northern california wildfire abc news,1
The Latest: More Homes Razed by Northern California Wildfire - ABC News http://t.co/dOFRh5YB01,the latest more homes razed by northern california wildfire abc news,1
The Latest: More homes razed by Northern California wildfire - http://t.co/2nIP3d15dx http://t.co/egYFNlAOQv,the latest more homes razed by northern california wildfire,1
The Latest: More homes razed by Northern California wildfire - http://t.co/BsGR67dyWY http://t.co/nDGgr6Xyqd,the latest more homes razed by northern california wildfire,1
The Latest: More homes razed by Northern California wildfire - http://t.co/5FcJVMl520 http://t.co/fvYRWhux8p,the latest more homes razed by northern california wildfire,1
The Latest: More homes razed by Northern California wildfire - http://t.co/3tnuACIV3c http://t.co/SAkORGdqUL,the latest more homes razed by northern california wildfire,1
The Latest: More homes razed by Northern California wildfire - http://t.co/P3g3bQBczu http://t.co/RpBxdfnx5k,the latest more homes razed by northern california wildfire,1
The Latest: More Homes Razed by Northern California Wildfire - ABC News http://t.co/x1xj0XVTj7,the latest more homes razed by northern california wildfire abc news,1
The Latest: More Homes Razed by Northern California Wildfire - ABC News http://t.co/Rg9yaybOSA,the latest more homes razed by northern california wildfire abc news,1
The Latest: More Homes Razed by Northern California Wildfire - ABC News http://t.co/2872J5d4HB,the latest more homes razed by northern california wildfire abc news,1
The Latest: More homes razed by Northern California wildfire - http://t.co/ecXMoiNZgU http://t.co/ntwWDweDNb,the latest more homes razed by northern california wildfire,1
More homes razed by Northern Calif. wildfire http://t.co/u52RW9Ji2r #sandiego http://t.co/GX75w3q9Ye,more homes razed by northern calif wildfire,1
George Njenga the hero saved his burning friend from a razing wildfire http://t.co/Ywkk26arAG,george njenga the hero saved his burning friend from a razing wildfire,1
The Latest: More Homes Razed by Northern California Wildfire - ABC News http://t.co/bKsYymvIsg #GN,the latest more homes razed by northern california wildfire abc news,1
The Latest: More Homes Razed by Northern California Wildfire - ABC News http://t.co/RlPTtkBG4W,the latest more homes razed by northern california wildfire abc news,1
The Latest: More Homes Razed by Northern California Wildfire - ABC News http://t.co/6AcSWzo7cw,the latest more homes razed by northern california wildfire abc news,1
The Latest: More Homes Razed by Northern California Wildfire - ABC News http://t.co/hCKxJ8eukt,the latest more homes razed by northern california wildfire abc news,1
The Latest: More homes razed by #NorthernCalifornia wildfire http://t.co/mONiJJth7V #ZippedNews http://t.co/0yXBB5dzw5,the latest more homes razed by wildfire,1
The Latest: More homes razed by Northern California wildfire - http://t.co/R1CNSjUAYQ http://t.co/DQ1yLcrF9K,the latest more homes razed by northern california wildfire,1
George Njenga the hero saved his burning friend from a razing wildfire... http://t.co/us8r6Qsn0p,george njenga the hero saved his burning friend from a razing wildfire,1
The Latest: More homes razed by Northern California wildfire - http://t.co/IrqUjaEsck http://t.co/qDwEknRMi9,the latest more homes razed by northern california wildfire,1
The Latest: More Homes Razed by Northern California Wildfire - ABC News http://t.co/aueZxZA5ak,the latest more homes razed by northern california wildfire abc news,1
Steve Buscemi was a firefightr B4 fame &amp; workd 12hr shifts diggin thru WTC rubble lookg 4 survivors. http://t.co/L9fJpNSZuO,steve buscemi was a firefightr b fame amp workd hr shifts diggin thru wtc rubble lookg survivors,1
smokers that ruin that new car smell ????,smokers that ruin that new car smell,0
@danisnotonfire if you follow me I will go into town and advertise your youtube channel by screaming and walking around with a sign. Pls??,if you follow me i will go into town and advertise your youtube channel by screaming and walking around with a sign pls,0
Photoset: hakogaku: ?åÊI am a kurd. i was born on a battlefield. raised on a battlefield. gunfire sirens... http://t.co/obp595W7tm,photoset hakogaku i am a kurd i was born on a battlefield raised on a battlefield gunfire sirens,1
What's wrong with just a lil smoke and good conversation ????,whats wrong with just a lil smoke and good conversation,0
@LifeAintFairKid if I did I'd smoke you up brooo!,if i did id smoke you up brooo,0
I barely smoke with people i solo all my blunts,i barely smoke with people i solo all my blunts,0
smoke whatever you got,smoke whatever you got,0
Smoke the Weed - Snoop Lion Ft. Collie Buddz,smoke the weed snoop lion ft collie buddz,0
And all you girls that smoke.... have you notice that you started to lose ALOT OF WEIGHT ??? HMMM Don't know body want no thin girl tf,and all you girls that smoke have you notice that you started to lose alot of weight hmmm dont know body want no thin girl tf,0
Smoke with me baby and lay with me baby and laugh with me baby I just want the simple things,smoke with me baby and lay with me baby and laugh with me baby i just want the simple things,0
IM GONNA GET NAKED AND SMOKE MY CIGARETTE someone call me radneck or is it just too hot in here,im gonna get naked and smoke my cigarette someone call me radneck or is it just too hot in here,0
SMOKE ALOT OF WEED LIKE FUCK KIDNEYS PUT A DUTCH IN ME,smoke alot of weed like fuck kidneys put a dutch in me,0
@SidelineSavage what like a pipe made of peanut butter or a pipe you can smoke peanut butter out of?,what like a pipe made of peanut butter or a pipe you can smoke peanut butter out of,0
I want to smoke ??,i want to smoke,0
In 2014 I will only smoke crqck if I becyme a mayor. This includes Foursquare.,in i will only smoke crqck if i becyme a mayor this includes foursquare,0
when you burp and smoke comes out,when you burp and smoke comes out,0
if you're dating someone who doesn't let you smoke leave them and date someone who also smokes. trust me. ??,if youre dating someone who doesnt let you smoke leave them and date someone who also smokes trust me,0
niggas selling weed just so they can smoke &amp; stay high.  YALL NIGGA IN THE WAY..,niggas selling weed just so they can smoke amp stay high yall nigga in the way,0
I wanna drink a little  smoke a little,i wanna drink a little smoke a little,0
Smoke ave streets hottest youngins,smoke ave streets hottest youngins,0
@PianoHands You don't know because you don't smoke. The way to make taxis and buses come is to light a cigarette to smoke while you wait.,you dont know because you dont smoke the way to make taxis and buses come is to light a cigarette to smoke while you wait,1
[55436] 1950 LIONEL TRAINS SMOKE LOCOMOTIVES WITH MAGNE-TRACTION INSTRUCTIONS http://t.co/xEZBs3sq0y http://t.co/C2x0QoKGlY,lionel trains smoke locomotives with magnetraction instructions,0
@Sammysosita smoke a blunt &amp; get through it.. no more ciggs for you.,smoke a blunt amp get through it no more ciggs for you,0
I smoke toooooo much lmao I was scared to text this number bck but now it all makes sense lol,i smoke toooooo much lmao i was scared to text this number bck but now it all makes sense lol,0
@TheTshirtKid I'm tryna smoke that MF out,im tryna smoke that mf out,0
Be Trynna smoke TJ out but he a hoe,be trynna smoke tj out but he a hoe,0
@BillMcCabe  sky looks clear.... No smoke from the fires. Enjoy your time in Tahoe. One of my favorite places!,sky looks clear no smoke from the fires enjoy your time in tahoe one of my favorite places,1
So does Austin smoke too since he agreed to that name or what? ÛÓ Lol no http://t.co/UmZKC9AzWd,so does austin smoke too since he agreed to that name or what lol no,0
Smoke it all http://t.co/79upYdCeMp,smoke it all,0
I get to smoke my shit in peace,i get to smoke my shit in peace,1
If you wanna smoke cigs that's your own problem but when your breath smells like an old ash tray.. that's fucking disgusting,if you wanna smoke cigs thats your own problem but when your breath smells like an old ash tray thats fucking disgusting,0
@bre_morrow neither of them even smoke so I dk what was going on lol,neither of them even smoke so i dk what was going on lol,0
Smoke eat sleep,smoke eat sleep,0
I miss Josie cause I wanna smoke splifs and go to taco bell ??,i miss josie cause i wanna smoke splifs and go to taco bell,0
Mental/Twitter Note: Make sure my smoke alarm battery is up to snuff at all times or face many twitter reminders of changing my battery.,mentaltwitter note make sure my smoke alarm battery is up to snuff at all times or face many twitter reminders of changing my battery,0
@TeamAtoWinner no.. i mean when is mino said that he doesn't smoke? u mention it before.. :)),no i mean when is mino said that he doesnt smoke u mention it before,0
I just wanna smoke some weed and get some commas,i just wanna smoke some weed and get some commas,0
"sorry-I built a fire by my desk already. RT@irishirr
@MChapmanWSAZ @WSAZ_Brittany @kellyannwx ..please maintain that snowstorm til I arrive.",sorryi built a fire by my desk already rt please maintain that snowstorm til i arrive,0
#NowPlaying Last Smoke Before The Snowstorm by Benjamin Francis Leftwich - hopefully new album coming soon :) ? http://t.co/5kjy8G0i4y,last smoke before the snowstorm by benjamin francis leftwich hopefully new album coming soon,0
The '1pack 2pack 3pack' line is on fleek if Stretcher is fire.,the pack pack pack line is on fleek if stretcher is fire,0
@NBCPolitics RUSSIA AND THAT BACK FIRED NOW 2015 look what happened 911bombing of marine barracks  suicide bombers attacks on world sites,russia and that back fired now look what happened bombing of marine barracks suicide bombers attacks on world sites,1
@KingGerudo_ to the largest moblin's he'd leaving the biggest one for Red and fired. With one strike already the threat was reduced --&gt;,to the largest moblins hed leaving the biggest one for red and fired with one strike already the threat was reduced gt,0
@PyramidHead76 one good thing came out of watching the film.  Was too traumatised to watch show so started Halt &amp; Catch Fire on Amazon. :D,one good thing came out of watching the film was too traumatised to watch show so started halt amp catch fire on amazon d,1
GUN FIREARM WEAPON VECTOR CLIP ART FOR VINYL SIGN CUTTER RIFLE GUNS WEAPONS http://t.co/sdOgEF3kFT http://t.co/x0giy85BS8,gun firearm weapon vector clip art for vinyl sign cutter rifle guns weapons,0
#Kick Hendrixonfire  @'=BLACKCATS= | BIG NOOB CONQUEST | MIXED MAPS | ALL WEAPONS' for violated K/DR  Limit /Server  max 3,hendrixonfire blackcats big noob conquest mixed maps all weapons for violated kdr limit server max,0
As wild fires blacken northern California parched Harris County becomes tinder box.  https://t.co/i2lwTy5YuP,as wild fires blacken northern california parched harris county becomes tinder box,1
Collection of Articals and Video of West Coast Wild Fires by @ABC http://t.co/qd3DSSFWUE,collection of articals and video of west coast wild fires by,1
My brother-n-law riooooos got the call to head up north and fight the wild fires. Dudes a beast atÛ_ https://t.co/463P0yS0Eb,my brothernlaw riooooos got the call to head up north and fight the wild fires dudes a beast at,1
Several wild fires have burned a lot of land in California. Here is one of the larger fires. http://t.co/2M1gNeaiFl http://t.co/UQh85MiP0v,several wild fires have burned a lot of land in california here is one of the larger fires,1
Map shows where all of California's wild#fires are burning: This map created by CAL FIREÛ_ http://t.co/0x8jAQToWM http://t.co/m1RoSi2Wcs,map shows where all of californias wild are burning this map created by cal fire,1
Some great footage of STRONG work from San Bernardino County Fire who is also working the wild fires right now.... http://t.co/QCYQHvn2Ha,some great footage of strong work from san bernardino county fire who is also working the wild fires right now,1
God forbid this is true #California has enough problems with severe #drought &amp; #wild fires. http://t.co/CMsgexM4FC #Nuclear Power #SanOnofre,god forbid this is true has enough problems with severe amp fires power,1
Firefighters Headed To California To Fight Wild Fires http://t.co/J2PYkYo0EN,firefighters headed to california to fight wild fires,1
#FOXDebateQuestions:  To what degree has Obama's efforts to institute Sharia Law exacerbated the California wild fires?,to what degree has obamas efforts to institute sharia law exacerbated the california wild fires,1
PRAYERS FOR MY COUSIN! He's in California helping with the wild fires.,prayers for my cousin hes in california helping with the wild fires,1
Catastrophic wild fires threatening U.S. Mid west &amp; Republicans fighting new climate change rules I guess this is the ultimate in Darwinism,catastrophic wild fires threatening us mid west amp republicans fighting new climate change rules i guess this is the ultimate in darwinism,1
@Jennife29916207 I was thinking about you today when I was reading about the wild fires,i was thinking about you today when i was reading about the wild fires,1
@cnni @PrisonPlanet Climate Change CNN weather 'specialist' warning:wild fires rain flooding noting about the sun? http://t.co/0sZwlWL9qU,climate change cnn weather specialist warningwild fires rain flooding noting about the sun,1
@SenFeinstein   Thanks Sen. Feinstein now hurry home because California is a huge uncontrolled wild fire. Lightening is starting new fires.,thanks sen feinstein now hurry home because california is a huge uncontrolled wild fire lightening is starting new fires,1
Wild fires freak me the fuck out. Like hell no,wild fires freak me the fuck out like hell no,1
Man! What I would give to be in CA right now to help with the wild fires.,man what i would give to be in ca right now to help with the wild fires,1
In Europe nature is kind while in US they have tornados hurricanes wild fires earthquakes flash floods mega snow droughts.,in europe nature is kind while in us they have tornados hurricanes wild fires earthquakes flash floods mega snow droughts,1
They should just have load shedding permanently and we will all just live like we in the wild and have camp fires  cook with fire etc,they should just have load shedding permanently and we will all just live like we in the wild and have camp fires cook with fire etc,0
Firefighters from Connecticut are headed to California to fight wild fires http://t.co/QWpUxPyWbF http://t.co/8jlXZ6fkxy,firefighters from connecticut are headed to california to fight wild fires,1
These wild fires out west are crazy.,these wild fires out west are crazy,1
DEEP crew to help with California wild fires http://t.co/QKz2Sp06xn via @thedayct,deep crew to help with california wild fires via,1
@aria_ahrary @TheTawniest The out of control wild fires in California even in the Northern part of the state. Very troubling.,the out of control wild fires in california even in the northern part of the state very troubling,1
Full Episode:  WN 08/02/15: California Wild Fires Force 12000 to Evacuate #Worldnews http://t.co/9ikhdyHVnC,full episode wn california wild fires force to evacuate,1
Man selling WILD MORELS at Ambleside Farmr Mart.Sun.-MUSHROOM forageSECRET IS TO KNOW WHAT TREES they grow under &amp; BEST AFTER FOREST FIRES,man selling wild morels at ambleside farmr martsunmushroom foragesecret is to know what trees they grow under amp best after forest fires,0
@randerson62 Watching news of wild fires and hope all is ok.,watching news of wild fires and hope all is ok,1
"'Your love will surely come find us
Like blazing wild fires singing Your name'",your love will surely come find us like blazing wild fires singing your name,0
@EnzasBargains A5 Donated some fruit snacks &amp; handi wipes to our fire fighters battling wild fires! #ProfitToThePeople,a donated some fruit snacks amp handi wipes to our fire fighters battling wild fires,1
Wild land fires.. Here I come. ??????,wild land fires here i come,1
@WBCShirl2 Yes God doessnt change  he says not to rejoice over the fall of people or calamities like wild fires  ect  you wanna be punished?,yes god doessnt change he says not to rejoice over the fall of people or calamities like wild fires ect you wanna be punished,0
My heart goes out to all those effected by the wild fires in Cali????,my heart goes out to all those effected by the wild fires in cali,1
Wild fires in California... Must be Global Warming. Can't just be extreme heat combined with dry foliage ignited by some douchebag hiker.,wild fires in california must be global warming cant just be extreme heat combined with dry foliage ignited by some douchebag hiker,1
Does the #FingerRockFire make you wonder 'am I prepared for a wildfire'. Find out at http://t.co/eX8A5JYZm5 #azwx http://t.co/DeEeKobmXa,does the make you wonder am i prepared for a wildfire find out at,1
"kc5kH mhtw4fnet

Crews gaining on huge Northern California wildfire - CBS News",kckh mhtwfnet crews gaining on huge northern california wildfire cbs news,1
Fire in Pisgah National Forest grows to 375 acres - WSOC Charlotte http://t.co/djUfkRrtFt,fire in pisgah national forest grows to acres wsoc charlotte,1
Route Complex AM Fire Update (Route Complex Wildfire): FIRE UPDATE: ROUTE COMPLEX Thursday Morning Aug... http://t.co/nS5lBS5ZUp #CAFire,route complex am fire update route complex wildfire fire update route complex thursday morning aug,1
Parker Ridge Fact Sheet Aug 6 2015 (Parker Ridge Wildfire): Information Phone: 208-267-6773 Email: pa... http://t.co/ezEIsaSm0C #IDFire,parker ridge fact sheet aug parker ridge wildfire information phone email pa,1
We should all have a fire safety plan. RT @Matt_Kroschel: MOCK WILDFIRE near #Vail as agencies prepare for the worst. http://t.co/SWwyLRk0fv,we should all have a fire safety plan rt mock wildfire near as agencies prepare for the worst,0
'Some hearths they burn like a wildfire' https://t.co/of3td6DGLb by Bees Knees,some hearths they burn like a wildfire by bees knees,1
NowPlaying GT &amp; Wildfire feat. Freaks In Love Feels Like It Should (Original Mix) Massive Dance Radio ListenLive: http://t.co/ANoDGXZR3E,nowplaying gt amp wildfire feat freaks in love feels like it should original mix massive dance radio listenlive,0
Drones Under Fire: Officials Offer $75000 Reward Leading To Pilots Who Flew Over Wildfire http://t.co/d2vEppeh8S #photography #arts,drones under fire officials offer reward leading to pilots who flew over wildfire,1
California wildfire destroys more homes but crews advance http://t.co/7XQ8JrtL7I Free tool online http://t.co/J90dT2qnXb,california wildfire destroys more homes but crews advance free tool online,1
#IDFire Parker Ridge Fact Sheet Aug 6 2015 (Parker Ridge Wildfire): Information Phone: 208-267-6773 Email: pa... http://t.co/ZggpaCjP7D,parker ridge fact sheet aug parker ridge wildfire information phone email pa,1
Is LA at Risk for a Giant Wildfire? - Which Way L.A.? on KCRW http://t.co/6AgMkx2WW4,is la at risk for a giant wildfire which way la on kcrw,1
California is battling its scariest 2015 wildfire so far. http://t.co/Lec1vmS7x2,california is battling its scariest wildfire so far,1
Wildfire Burns On California U.s. China Economic Net Û_ : http://t.co/U2dO2mC2ri  http://t.co/3oM3xw6CZ8,wildfire burns on california us china economic net,1
Dr. Bengston on #wildfire management: ÛÏnumbers and size of fires areas affected and costs of fighting them all show upward trend.Û #smem,dr bengston on management numbers and size of fires areas affected and costs of fighting them all show upward trend,1
The Latest: Washington #Wildfire misses town; evacuations end - KHQ Right Now http://t.co/aNlhW2IzkZ,the latest washington misses town evacuations end khq right now,1
PHOTOS: The Rocky Fire has grown into California's most destructive wildfire this year. http://t.co/h9v4HoWtiP http://t.co/8IcSesHbj3,photos the rocky fire has grown into californias most destructive wildfire this year,1
Wildfire near Columbia River town is 50 percent contained http://t.co/gzGpWSqyMW #FireNews #WA http://t.co/ay49MTYyL8,wildfire near columbia river town is percent contained,1
! Residents Return To Destroyed Homes As Washington Wildfire Burns on http://t.co/UcI8stQUg1,residents return to destroyed homes as washington wildfire burns on,1
California is battling its scariest 2015 wildfire so far - the Rocky Fire http://t.co/sPT54KfA9Q,california is battling its scariest wildfire so far the rocky fire,1
Solitude Fire Update August 6 2015 (Solitude Wildfire): Summary: This lightning-caused fire is being ... http://t.co/4eSbsA8InT #UTFire,solitude fire update august solitude wildfire summary this lightningcaused fire is being,1
The Latest: More homes razed by Northern California wildfire - LancasterOnline http://t.co/ph7wllKRfI #Lancaster,the latest more homes razed by northern california wildfire lancasteronline,1
Reuters Top News: PHOTOS: The Rocky Fire has grown into California's most ... - http://t.co/qwrRfDGXCc #NewsInTweets http://t.co/sstj2bEpqn,reuters top news photos the rocky fire has grown into californias most,1
This machine really captured my attention. #helicopter #firefighting #wildfire #oregon #easternoregonÛ_ https://t.co/V6qxnFHRxF,this machine really captured my attention,1
@_wildfire__ ???? Bruh that's the lady from Mulan!!,bruh thats the lady from mulan,0
For those impacted by the #CalWildfires here are some great recovery tips to help you in the aftermath http://t.co/wwxbGuBww5,for those impacted by the here are some great recovery tips to help you in the aftermath,1
#IDFire Cherokee Road and Road 22 (Three Sisters Wildfire): There are two roads closed to the general public: ... http://t.co/UORXfF0NfX,cherokee road and road three sisters wildfire there are two roads closed to the general public,1
Oregon's biggest wildfire slows growth http://t.co/P0GoS5URXG via @katunews,oregons biggest wildfire slows growth via,1
Media Release - Firefighters Ask Hikers to Sign-in at Local Trailheads (Parker Ridge Wildfire): Parker... http://t.co/ABlz20mgzv #IDFire,media release firefighters ask hikers to signin at local trailheads parker ridge wildfire parker,1
The Latest: #Wildfire destroys more homes but crews advance - WQOW TV News 18 http://t.co/Hj26SFDdfI,the latest destroys more homes but crews advance wqow tv news,1
#California #wildfire destroys more homes but crews advance. http://t.co/2PPzGpxybi http://t.co/dS9khKffwc,destroys more homes but crews advance,1
Reality Training: Train falls off elevated tracks during windstorm http://t.co/wAL4FrTfKa #fire #ems,reality training train falls off elevated tracks during windstorm,1
Gunmen open fire on bus near El Salvador's capital killing 4 a week after gang attacks killed 8 bus drivers: http://t.co/Pz56zJSsfT bitÛ_,gunmen open fire on bus near el salvadors capital killing a week after gang attacks killed bus drivers bit,1
Officer Wounded Suspect Killed in Exchange of Gunfire: Richmond police officer wounded suspect killed in exc... http://t.co/crCN8rwvKj,officer wounded suspect killed in exchange of gunfire richmond police officer wounded suspect killed in exc,1
Police Officer Wounded Suspect Dead After Exchanging Shots: Richmond police officer wounded suspect killed after exchange of gunfire,police officer wounded suspect dead after exchanging shots richmond police officer wounded suspect killed after exchange of gunfire,1
Officer Wounded Suspect Killed in Exchange of Gunfire: Richmond police officer wounded suspect killed in exc... http://t.co/zDHwRN6cZc,officer wounded suspect killed in exchange of gunfire richmond police officer wounded suspect killed in exc,1
Officer wounded suspect killed in exchange of gunfire: Richmond police say an officer has been wounded and a ... http://t.co/HwOrB1N6vN,officer wounded suspect killed in exchange of gunfire richmond police say an officer has been wounded and a,1
@wocowae Officer Wounded Suspect Killed in Exchange of Gunfire http://t.co/QI2BDvkab7 ushed,officer wounded suspect killed in exchange of gunfire ushed,1
#WorldNews Fallen powerlines on G:link tram: UPDATE: FIRE crews have evacuated up to 30 passengers who were tr... http://t.co/EYSVvzA7Qm,fallen powerlines on glink tram update fire crews have evacuated up to passengers who were tr,1
The Latest: More Homes Razed by Northern California Wildfire - ABC News http://t.co/YmY4rSkQ3d,the latest more homes razed by northern california wildfire abc news,1
